CREATE DATABASE  IF NOT EXISTS `library` /*!40100 DEFAULT CHARACTER SET utf8mb4 COLLATE utf8mb4_0900_ai_ci */ /*!80016 DEFAULT ENCRYPTION='N' */;
USE `library`;
-- MySQL dump 10.13  Distrib 8.0.25, for Win64 (x86_64)
--
-- Host: localhost    Database: library
-- ------------------------------------------------------
-- Server version	8.0.25

/*!40101 SET @OLD_CHARACTER_SET_CLIENT=@@CHARACTER_SET_CLIENT */;
/*!40101 SET @OLD_CHARACTER_SET_RESULTS=@@CHARACTER_SET_RESULTS */;
/*!40101 SET @OLD_COLLATION_CONNECTION=@@COLLATION_CONNECTION */;
/*!50503 SET NAMES utf8 */;
/*!40103 SET @OLD_TIME_ZONE=@@TIME_ZONE */;
/*!40103 SET TIME_ZONE='+00:00' */;
/*!40014 SET @OLD_UNIQUE_CHECKS=@@UNIQUE_CHECKS, UNIQUE_CHECKS=0 */;
/*!40014 SET @OLD_FOREIGN_KEY_CHECKS=@@FOREIGN_KEY_CHECKS, FOREIGN_KEY_CHECKS=0 */;
/*!40101 SET @OLD_SQL_MODE=@@SQL_MODE, SQL_MODE='NO_AUTO_VALUE_ON_ZERO' */;
/*!40111 SET @OLD_SQL_NOTES=@@SQL_NOTES, SQL_NOTES=0 */;

--
-- Table structure for table `author`
--

DROP TABLE IF EXISTS `author`;
/*!40101 SET @saved_cs_client     = @@character_set_client */;
/*!50503 SET character_set_client = utf8mb4 */;
CREATE TABLE `author` (
  `id` int NOT NULL AUTO_INCREMENT,
  `name` varchar(45) CHARACTER SET utf8mb4 COLLATE utf8mb4_0900_ai_ci NOT NULL,
  PRIMARY KEY (`id`)
) ENGINE=InnoDB AUTO_INCREMENT=63 DEFAULT CHARSET=utf8mb3 COLLATE=utf8_unicode_ci;
/*!40101 SET character_set_client = @saved_cs_client */;

--
-- Dumping data for table `author`
--

LOCK TABLES `author` WRITE;
/*!40000 ALTER TABLE `author` DISABLE KEYS */;
INSERT INTO `author` VALUES (1,'Al Sweigart'),(2,'Andrew Hunt'),(3,'David Thomas'),(4,'Robert C. Martin'),(5,'Steve McConnell'),(6,'J. K. Rowling'),(7,'Thomas Harris'),(8,'Dale Carnegie'),(9,'Fuse'),(10,'Yann Martel'),(11,'Charlie Mackesy'),(12,'Arthur Golden'),(13,'William Peter Blatty'),(14,'Susan Hill'),(15,'Carmen Maria Machado'),(16,'H.P Lovecraft'),(17,'Luu Từ Hân'),(18,'Nora Roberts'),(19,'Lê Đỗ Quỳnh Hương'),(20,'Andrea Hirata'),(21,'T.S Lê Minh Toàn'),(22,'Paul Kalanithi'),(23,'Nguyễn Ngọc Ký'),(24,'Nguyễn Nhật Ánh'),(25,'Ngoa'),(26,'T.S David J Lieberman'),(27,'Minh Nhật'),(28,'Vũ Trọng Phụng'),(29,'Yuval Noah Harari'),(30,'Nguyên Phong'),(31,'Rosie Nguyễn'),(32,'Tony Buổi Sáng'),(33,'Tĩnh Trịnh Phong'),(34,'Chu Xung'),(35,'Lư Tư Hạo'),(36,'Lê Khả Phiêu'),(37,'GS TS Nguyễn Minh Đoan'),(38,'Diana Lea'),(39,'Jennifer Bradbery'),(40,'Emily Brontë'),(41,'Margaret Mitchell'),(42,'Anne Frank'),(43,'Ngô Tất Tố'),(44,'Gaston Leroux'),(45,'Franck Thilliez'),(46,'Dan Brown'),(47,'Ethel Lilian Voynich'),(48,'Kinugasa Shogo'),(49,'Diana Wynne Jones'),(50,'Kawahara Reki'),(51,'Arthur Conan Doyle'),(52,'Truman Capote'),(53,'Ken Kousen'),(54,'Kathi Kellenberger'),(55,'Lee Everest'),(56,'Jack London'),(57,'Jeffrey Archer'),(58,'Mario Puzo'),(59,'Victor Hugo'),(60,'Antoine de Saint-Exupéry'),(61,'Neil Gaiman'),(62,'Frederick Brooks');
/*!40000 ALTER TABLE `author` ENABLE KEYS */;
UNLOCK TABLES;

--
-- Table structure for table `author_book`
--

DROP TABLE IF EXISTS `author_book`;
/*!40101 SET @saved_cs_client     = @@character_set_client */;
/*!50503 SET character_set_client = utf8mb4 */;
CREATE TABLE `author_book` (
  `id` int NOT NULL AUTO_INCREMENT,
  `author_id` int DEFAULT NULL,
  `book_id` int DEFAULT NULL,
  PRIMARY KEY (`id`),
  KEY `fk_author_book_idx` (`author_id`),
  KEY `fk_book_author_idx` (`book_id`),
  CONSTRAINT `fk_author_book` FOREIGN KEY (`author_id`) REFERENCES `author` (`id`) ON DELETE SET NULL ON UPDATE SET NULL,
  CONSTRAINT `fk_book_author` FOREIGN KEY (`book_id`) REFERENCES `book` (`id`) ON DELETE SET NULL ON UPDATE SET NULL
) ENGINE=InnoDB AUTO_INCREMENT=42 DEFAULT CHARSET=utf8mb3 COLLATE=utf8_unicode_ci;
/*!40101 SET character_set_client = @saved_cs_client */;

--
-- Dumping data for table `author_book`
--
SELECT * FROM author_book;
LOCK TABLES `author_book` WRITE;
/*!40000 ALTER TABLE `author_book` DISABLE KEYS */;
INSERT INTO `author_book` VALUES (2,NULL,NULL),(3,NULL,NULL),(4,NULL,NULL),(7,NULL,NULL),(8,NULL,NULL),(11,3,NULL),(12,2,NULL),
(13,1,61),(14,2,1),(15,3,1),(16,4,2),(17,5,3),(18,6,5),(19,6,6),(20,6,7),(21,6,8),(22,6,9),(23,6,10),(24,6,11),(25,7,12),(26,8,13),(27,8,64),(28,9,14),(29,10,15),(30,11,16),(31,12,17),(32,13,18),(33,14,19),(34,15,20),(35,16,21),(36,17,22),(37,18,23),(38,19,24),(39,20,25),(40,21,26),(41,22,27),(42,23,28),(43,24,29),(44,24,30),(45,24,69),(46,24,70),(47,25,31),(48,26,32),(49,27,33),(50,28,34),(51,29,35),(52,30,36),(53,30,37),(54,30,38),(55,31,39),(56,32,40),(57,32,65),(58,33,41),(59,34,42),(60,35,43),(61,36,44),(62,37,45),(63,38,46),(64,39,1),(65,40,47),(66,41,48),(67,42,49),(68,43,50),(69,44,51),(70,45,52),(71,46,53),(72,46,54),(73,47,55),(74,48,56),(75,49,57),(76,50,58),(77,51,59),(78,52,60),(79,53,62),(80,55,63),(81,56,66),(82,57,67),(83,58,68),(84,59,71),(85,60,72),(86,61,73),(87,62,4);
/*!40000 ALTER TABLE `author_book` ENABLE KEYS */;
UNLOCK TABLES;

--
-- Table structure for table `book`
--

DROP TABLE IF EXISTS `book`;
/*!40101 SET @saved_cs_client     = @@character_set_client */;
/*!50503 SET character_set_client = utf8mb4 */;
CREATE TABLE `book` (
  `id` int NOT NULL AUTO_INCREMENT,
  `title` mediumtext CHARACTER SET utf8mb4 COLLATE utf8mb4_0900_ai_ci NOT NULL,
  `lang_id` int DEFAULT NULL,
  `genre_id` int DEFAULT NULL,
  `publishYear` int DEFAULT NULL,
  `description` mediumtext CHARACTER SET utf8mb4 COLLATE utf8mb4_0900_ai_ci,
  `cover` varchar(45) CHARACTER SET utf8mb4 COLLATE utf8mb4_0900_ai_ci DEFAULT NULL,
  `publisher_id` int DEFAULT NULL,
  PRIMARY KEY (`id`),
  KEY `fk_genre_book_idx` (`genre_id`),
  KEY `fk_pub_book_idx` (`publisher_id`),
  KEY `fk_lang_book_idx` (`lang_id`),
  CONSTRAINT `fk_genre_book` FOREIGN KEY (`genre_id`) REFERENCES `genre` (`id`) ON DELETE SET NULL ON UPDATE SET NULL,
  CONSTRAINT `fk_lang_book` FOREIGN KEY (`lang_id`) REFERENCES `language` (`id`) ON DELETE SET NULL ON UPDATE SET NULL,
  CONSTRAINT `fk_pub_book` FOREIGN KEY (`publisher_id`) REFERENCES `publisher` (`id`) ON DELETE SET NULL ON UPDATE SET NULL
) ENGINE=InnoDB AUTO_INCREMENT=27 DEFAULT CHARSET=utf8mb3 COLLATE=utf8_unicode_ci;
/*!40101 SET character_set_client = @saved_cs_client */;

--
-- Dumping data for table `book`
--

LOCK TABLES `book` WRITE;
/*!40000 ALTER TABLE `book` DISABLE KEYS */;
INSERT INTO `book` VALUES (1,'The Pragmatic Programmer:  From Journeyman to Master',1,9,1999,'Một cuốn sách về lập trình máy tính và kỹ thuật phần mềm kinh điển. Kiến thức trong “The Pragmatic Programer” áp dụng được cho mọi ngôn ngữ lập trình vì nó không nêu ra vấn đề của riêng ngôn ngữ nào cả. Cuốn sách lập trình kinh điển này mang đến kiến thức bao quát mọi vấn đề liên quan trong nghề, từ những kỹ thuật cơ bản đến nâng cao và không bao giờ lỗi thời.','TPP.jpeg',1),(2,'The Clean Coder: A Code of Conduct for Professional Programmers',1,9,2011,'Trong cuốn sách này, chuyên gia phần mềm huyền thoại Robert C. Martin giới thiệu các nguyên tắc, kỹ thuật, công cụ và thực hành của kỹ sư phần mềm cách thực thụ. Cuốn sách này chứa đựng những lời khuyên thiết thực – về mọi thứ từ ước tính và viết mã đến cấu trúc lại và thử nghiệm. Nó bao hàm nhiều thứ hơn là kỹ thuật: Đó là về thái độ. Martin chỉ ra cách tiếp cận phát triển phần mềm với danh dự, tự tôn và tự hào; làm việc tốt và làm việc sạch sẽ; giao tiếp và ước tính một cách trung thực; đối mặt với những quyết định khó khăn với sự rõ ràng và trung thực; và hiểu rằng kiến thức sâu rộng đi kèm với trách nhiệm hành động.','TCC.jpg',32),(3,'Code Complete: A Practical Handbook of Software Construction',1,9,1993,'Code Complete là một cuốn sách phát triển phần mềm khuyến khích các nhà phát triển tiếp tục lập trình mã và sửa lỗi trong quá khứ và thiết kế lớn lên các mô hình thác nước. Nó cũng là một bản tóm tắt các kỹ thuật xây dựng phần mềm, bao gồm các kỹ thuật từ việc đặt tên biến cho đến quyết định khi nào viết một chương trình con.','CC_2nd.jpg',13),(4,'The Mythical Man-month: Essays on Software Engineering',1,9,1975,'The Mythical Man-Month: Essays on Software Engineering là một cuốn sách về quản trị dự án phần mềm được viết bởi Fred Brooks, tập trung ở đó là phát biểu \"Thêm người vào một dự án đang bị trễ sẽ làm cho nó trễ hơn.\" Ý tưởng này được biết đến như là luật của Brooks, có mặt cùng với hiệu ứng \"hệ thống thứ hai\" và sự ủng hộ tích cực của Mẫu đầu tiên của phần mềm. Những quan sát của Brooks dựa trên kinh nghiệm của anh ấy tại IBM khi quản lý việc phát triển OS / 360. Anh ta đã bổ sung thêm nhiều lập trình viên cho một dự án đang bị chậm tiến độ, một quyết định mà sau này anh ta kết luận rằng, theo trực giác, đã làm chậm trễ dự án hơn nữa. Ông cũng mắc sai lầm khi khẳng định rằng một dự án — liên quan đến việc viết một trình biên dịch ALGOL — sẽ cần sáu tháng, bất kể số lượng công nhân tham gia (nó cần lâu hơn). Xu hướng để các nhà quản lý lặp lại những lỗi như vậy trong quá trình phát triển dự án đã khiến Brooks châm biếm rằng cuốn sách của ông được gọi là \"Kinh thánh của kỹ thuật phần mềm\", bởi vì \"mọi người đều trích dẫn nó, một số người đọc nó và một vài người đọc nó\".','Mmm.jpg',1),(5,'Harry Potter and the Philosopher\'s Stone',1,8,2014,'Harry Potter and the Philosopher\'s Stone (Harry Potter và Hòn đá phù thủy) là một cuốn tiểu thuyết giả tưởng được viết bởi tác giả người Anh J. K. Rowling. Là cuốn tiểu thuyết đầu tiên trong loạt Harry Potter và là cuốn tiểu thuyết đầu tay của Rowling, kể về Harry Potter, một phù thủy trẻ tuổi khám phá ra di sản phép thuật của mình vào sinh nhật thứ mười một của mình, khi anh nhận được thư chấp nhận vào Trường Phù thủy và Pháp sư Hogwarts. Harry kết bạn thân và có một vài kẻ thù trong năm đầu tiên của mình tại trường, và với sự giúp đỡ của bạn bè, cậu phải đối mặt với sự trở lại đầy cố gắng của phù thủy hắc ám Chúa tể Voldemort, kẻ đã giết cha mẹ của Harry, nhưng không giết được Harry khi cậu vừa mới 15 tháng tuổi.','HP_1.jpeg',5),(6,'Harry Potter and the Chamber of Secrets',1,8,2014,'Harry Potter and the Prisoner of Azkaban (Harry Potter và Tên tù nhân ngục Azkaban) là một tiểu thuyết giả tưởng được viết bởi tác giả người Anh J. K. Rowling và là phần thứ ba trong loạt phim Harry Potter. Cuốn sách theo chân Harry Potter, một phù thủy trẻ tuổi, đang học năm thứ ba tại Trường Phù thủy và Pháp sư Hogwarts. Cùng với những người bạn Ronald Weasley và Hermione Granger, Harry điều tra Sirius Black, một tù nhân trốn thoát khỏi Azkaban, nhà tù phù thủy, được cho là một trong những đồng minh cũ của Chúa tể Voldemort.','HP_2.jpeg',1),(7,'Harry Potter and the Prisoner of Azkaban',1,8,2014,'Harry Potter and the Prisoner of Azkaban (Harry Potter và Tên tù nhân ngục Azkaban) là một tiểu thuyết giả tưởng được viết bởi tác giả người Anh J. K. Rowling và là phần thứ ba trong loạt phim Harry Potter. Cuốn sách theo chân Harry Potter, một phù thủy trẻ tuổi, đang học năm thứ ba tại Trường Phù thủy và Pháp sư Hogwarts. Cùng với những người bạn Ronald Weasley và Hermione Granger, Harry điều tra Sirius Black, một tù nhân trốn thoát khỏi Azkaban, nhà tù phù thủy, được cho là một trong những đồng minh cũ của Chúa tể Voldemort.','HP_3.jpeg',5),(8,'Harry Potter and the Goblet of Fire',1,8,2014,'Harry Potter and the Goblet of Fire (Harry Potter và Chiếc cốc lửa) là một tiểu thuyết giả tưởng được viết bởi tác giả người Anh J. K. Rowling và là tiểu thuyết thứ tư trong loạt phim Harry Potter. Phim kể về Harry Potter, một phù thủy đang học năm thứ tư tại Trường Phù thủy và Pháp sư Hogwarts, và bí ẩn xung quanh việc tên của Harry được ghi vào Giải đấu Triwizard, nơi cậu bị buộc phải cạnh tranh.','HP_4.jpeg',5),(9,'Harry Potter and the Order of the Phoenix',1,8,2014,'Harry Potter and the Order of the Phoenix (Harry Potter và Hội Phượng hoàng) là một tiểu thuyết giả tưởng được viết bởi tác giả người Anh J. K. Rowling và là tiểu thuyết thứ năm trong loạt phim Harry Potter. Phim kể về những cuộc đấu tranh của Harry Potter trong suốt năm thứ năm tại Trường Phù thủy và Pháp sư Hogwarts, bao gồm cả sự trở lại lén lút của nhân vật phản diện Chúa tể Voldemort, các kỳ thi O.W.L., và một Bộ Pháp thuật cản trở. Cuốn tiểu thuyết được xuất bản vào ngày 21 tháng 6 năm 2003 bởi Bloomsbury ở Vương quốc Anh, Scholastic ở Hoa Kỳ và Raincoast ở Canada. Nó đã bán được năm triệu bản trong 24 giờ đầu tiên xuất bản. Đây là cuốn sách dài nhất của bộ truyện.','HP_5.jpeg',5),(10,'Harry Potter and the Half-Blood Prince',1,8,2014,'Harry Potter and the Half-Blood Prince(Harry Potter và Hoàng tử lai) là một cuốn tiểu thuyết giả tưởng được viết bởi tác giả người Anh J.K. Rowling và cuốn tiểu thuyết thứ sáu và áp chót trong loạt phim Harry Potter. Lấy bối cảnh trong năm thứ sáu của Harry Potter tại Hogwarts, cuốn tiểu thuyết khám phá quá khứ của kẻ thù truyền kiếp của cậu bé phù thủy, Chúa tể Voldemort, và sự chuẩn bị của Harry cho trận chiến cuối cùng chống lại Voldemort cùng với hiệu trưởng và người thầy Albus Dumbledore.','HP_6.jpeg',5),(11,'Harry Potter and the Deathly Hallows',1,8,2014,'Harry Potter and the Deathly Hallows (Harry Potter và Bảo bối Tử thần) là một tiểu thuyết giả tưởng được viết bởi tác giả người Anh J. K. Rowling và là tiểu thuyết thứ bảy và cũng là tiểu thuyết cuối cùng của loạt phim Harry Potter. Nó được phát hành vào ngày 21 tháng 7 năm 2007 tại Vương quốc Anh bởi Nhà xuất bản Bloomsbury, ở Hoa Kỳ bởi Scholastic, và ở Canada bởi Raincoast Books. Cuốn tiểu thuyết ghi lại những sự kiện trực tiếp sau Harry Potter và Hoàng tử lai (2005) và cuộc đối đầu cuối cùng giữa hai phù thủy Harry Potter và Chúa tể Voldemort.','HP_7.jpeg',5),(12,'The Silence of the Lambs',1,8,1988,'The Silence of the Lambs (Sự im lặng của bầy cừu) là một tiểu thuyết kinh dị tâm lý của Thomas Harris. Được xuất bản lần đầu tiên vào năm 1988, đây là phần tiếp theo của cuốn tiểu thuyết Red Dragon (Rồng Đỏ) năm 1981 của Harris. Cả hai cuốn tiểu thuyết đều kể về kẻ giết người hàng loạt ăn thịt đồng loại Tiến sĩ Hannibal Lecter, lần này đọ sức với Đặc vụ FBI Clarice Starling. Bộ phim chuyển thể của nó do Jonathan Demme đạo diễn được phát hành vào năm 1991 với sự hoan nghênh rộng rãi của giới phê bình và thành công về doanh thu phòng vé. Nó đã giành được giải thưởng của Viện hàn lâm cho Hình ảnh đẹp nhất.\r\nCuốn tiểu thuyết đã thành công rực rỡ. Tiểu thuyết gia dành cho trẻ em Roald Dahl rất thích cuốn tiểu thuyết này, mô tả nó là \"tinh tế, khủng khiếp và lộng lẫy, cuốn sách hay nhất mà tôi đã đọc trong một thời gian dài\". Tác giả David Foster Wallace đã sử dụng cuốn sách như một phần của chương trình giảng dạy của mình khi giảng dạy tại trường Cao đẳng Pomona và sau đó đưa cuốn sách, cũng như Rồng Đỏ của Harris, vào danh sách mười tiểu thuyết yêu thích của mình. John Dunning nói về Silence of the Lambs: [nó] \"chỉ đơn giản là bộ phim kinh dị hay nhất mà tôi đã đọc trong năm năm\".','TSoTL.png',34),(13,'How to Win Friends and Influence People',1,14,1963,'How to Win Friends and Influence People hay Đắc nhân tâm (được lòng người) là một trong những cuốn sách về động lực được biết đến nhiều nhất trong lịch sử: Kể từ khi được phát hành vào năm 1936, How to Win Friends and Influence People đã bán được hơn 15 triệu bản. Cuốn sách đầu tiên của Carnegie có sức hút vượt thời gian và hấp dẫn không kém đối với khán giả doanh nghiệp, khán giả tự lực và độc giả nói chung. Lời khuyên đã được chứng minh để thành công trong cuộc sống: Carnegie tin rằng hầu hết thành công đều đến từ khả năng giao tiếp hiệu quả hơn là từ những hiểu biết sâu sắc. Cuốn sách của ông dạy những kỹ năng này bằng cách cho người đọc thấy cách đánh giá cao người khác và khiến họ cảm thấy được đánh giá cao hơn là bị thao túng.\r\nQuyển sách đưa ra các lời khuyên về cách thức cư xử, ứng xử và giao tiếp với mọi người để đạt được thành công trong cuộc sống.','ĐNT_ver_Eng.jpg',33),(14,'That Time I Got Reincarnated as a Slime, Vol. 1 ',4,8,2017,'That Time I Got Reincarnated as a Slime (転 生 し た ら ス ラ イ ム だ っ た 件 Tensei Shitara Slime Datta Ken) là một bộ light novel được viết bởi Fuse và được minh họa bởi Mitz Vah. Nó đã được đăng trực tuyến từ năm 2013 đến năm 2016 trên Shōsetsuka ni Narō. Bộ truyện đã được mua lại bởi Tạp chí Micro, người đã xuất bản tập đầu tiên vào tháng 5 năm 2014 dưới nhãn hiệu GC Novels của họ. Yen Press đã cấp phép cho tiểu thuyết phát hành ở Bắc Mỹ và xuất bản tập đầu tiên vào tháng 12 năm 2017.\r\nCâu chuyện bắt đầu với anh chàng Mikami Satoru, một nhân viên 37 tuổi sống cuộc sống chán chường và không vui vẻ gì. Trong một lần gặp cướp, anh đã bị mất mạng. Tưởng chừng cuộc sống chán ngắt ấy đã kết thúc... Nhưng không! Ấy lại chính là sự khởi đầu của một cuộc sống mới. Mikami thức dậy, thấy mình đang ở trong một thế giới kì lạ. Và điều quái dị là anh không còn hình dạng con người nữa mà đã trở thành quái vật slime dẻo quẹo và không có mắt. Khi dần quen với hình dáng mới này, anh bắt đầu khám phá thế giới cùng cùng với những quái vật khác và công cuộc thay đổi thế giới mới đã bắt đầu.','slime_01. jpg.jpg',37),(15,'Life of Pi',1,8,2019,'Life of Pi là một cuốn tiểu thuyết triết học Canada của Yann Martel được xuất bản năm 2001. Nhân vật chính là Piscine Molitor \"Pi\" Patel, một cậu bé Tamil người Ấn Độ đến từ Pondicherry, người khám phá các vấn đề về tâm linh và siêu hình ngay từ khi còn nhỏ. Anh ta sống sót sau 227 ngày sau một vụ đắm tàu khi mắc kẹt trên thuyền cứu sinh ở Thái Bình Dương cùng với một con hổ Bengal, điều này đặt ra câu hỏi về bản chất của thực tại và cách nó được nhận thức và kể lại. Anh ấy thuộc một gia đình nói tiếng Hindi.','LoP.jpg',11),(16,'The Boy, The Mole, The Fox And The Horse',1,5,2019,'The Boy, The Mole, The Fox And The Horse là một cuốn sách có minh họa bán chạy nhất năm 2019 của Charlie Mackesy. Nó theo sau tình bạn đang phát triển giữa bốn nhân vật chính của tiêu đề.\r\nĐây là cuốn sách Waterstones của năm 2019.\r\nNội dung nói về một cậu bé, một con chuột chũi, một con cáo và một con ngựa là bốn người bạn có chung một tình cảm sâu đậm không gì lay chuyển được. Thông qua một loạt các cuộc trò chuyện ngắn gọn nhưng sâu sắc, Mackesy trêu chọc sự thật phổ quát và trí tuệ phong phú từ miệng của các nhân vật của mình, tôn vinh sự ấm áp và đồng cảm dưới tất cả các hình thức của nó. Khám phá lòng tốt thông qua tác phẩm nghệ thuật tinh tế, nhạy cảm và thư pháp tinh tế, The Boy, the Mole, the Fox and the Horse là một nghiên cứu cảm động về tình bạn và là món quà hoàn hảo cho những người mà bạn yêu quý nhất.','TB,TM,TFaTH.jpg',9),(17,'Memoirs of a Geisha',1,8,1997,'Memoirs of a Geisha (Hồi ức của một Geisha) là một tiểu thuyết giả tưởng lịch sử của tác giả người Mỹ Arthur Golden, xuất bản năm 1997. Cuốn tiểu thuyết, kể ở góc nhìn thứ nhất, kể về câu chuyện của một geisha hư cấu làm việc ở Kyoto, Nhật Bản, trước, trong và sau Thế chiến thứ hai, và kết thúc bằng việc cô ấy được chuyển đến thành phố New York.','MoaG.jpg',2),(18,'The Exorcist',1,8,1971,'The Exorcist là một tiểu thuyết kinh dị năm 1971 của nhà văn người Mỹ William Peter Blatty. Cuốn sách kể chi tiết về việc bị quỷ ám của Regan MacNeil, mười một tuổi, con gái của một nữ diễn viên nổi tiếng, và hai linh mục cố gắng trừ quỷ. Được xuất bản bởi Harper & Row, cuốn tiểu thuyết là cơ sở của một bộ phim chuyển thể rất thành công được phát hành hai năm sau đó, kịch bản của nó cũng được viết và sản xuất bởi Blatty, và là một phần của nhượng quyền thương mại The Exorcist.\r\nCuốn tiểu thuyết được lấy cảm hứng từ một trường hợp bị quỷ ám và trừ tà năm 1949 mà Blatty đã nghe kể về khi còn là sinh viên năm 1950 tại Đại học Georgetown. Kết quả là, cuốn tiểu thuyết diễn ra ở Washington, D.C., gần khuôn viên của Đại học Georgetown. Vào tháng 9 năm 2011, cuốn tiểu thuyết đã được tái bản bởi Harper Collins để kỷ niệm lần thứ bốn mươi của nó, với những sửa đổi nhỏ do Blatty thực hiện cũng như tác phẩm nghệ thuật tiêu đề nội thất của Jeremy Caniglia.','TE.jpg',8),(19,'The Woman in Black',1,8,1983,'The Woman in Black là một tiểu thuyết kinh dị năm 1983 của Susan Hill, được viết theo phong cách tiểu thuyết Gothic truyền thống. Cốt truyện liên quan đến một bóng ma bí ẩn ám ảnh một thị trấn nhỏ ở Anh. Một bộ phim truyền hình dựa trên câu chuyện, cũng được gọi là The Woman in Black (Người đàn bà mặc áo đen), được sản xuất vào năm 1989, với kịch bản của Nigel Kneale. Năm 2012, một bộ phim chiếu rạp chuyển thể cùng tên được phát hành, với sự tham gia của Daniel Radcliffe.\r\nCuốn sách cũng đã được Stephen Mallatratt chuyển thể thành một vở kịch trên sân khấu. Đây là vở kịch dài thứ hai trong lịch sử của West End, sau The Mousetrap.','WIB.jpg',7),(20,'In the Dream House: A Memoir',1,1,2019,'In the Dream House là một cuốn hồi ký năm 2019 của Carmen Maria Machado. Nó được xuất bản vào ngày 5 tháng 11 năm 2019 bởi Graywolf Press. Cuốn sách đã được đưa vào danh sách dài để nhận Huy chương Andrew Carnegie năm 2020 cho sự xuất sắc trong sách phi hư cấu.\r\nCuốn sách kể chi tiết về mối quan hệ lạm dụng của Machado với một phụ nữ khác khi đang học MFA của cô ấy tại Hội thảo Nhà văn Iowa ở Thành phố Iowa, Iowa. Đó là một câu chuyện kể ngôi thứ hai, với Machado đề cập đến bản thân nạn nhân của cô ấy là \"bạn\".','ItDH.png',6),(21,'The Call of Cthulhu',1,8,1928,'The Call of Cthulhu (Tiếng gọi Cthulhu). Một tác phẩm kinh dị viễn tưởng của H.P Lovecraft, tác phẩm này là một trong những truyện ngắn hay nhất và nổi tiếng nhất của Lovecraft, được hoàn thành vào năm 1926 và được xuất bản vào năm 1928 bởi tạp chí truyện viễn tưởng Weird Tales.\r\nCall of Cthulhu là một trong những câu chuyện đặc trưng nhất của Cthulhu Mythos, \"Tiếng gọi của Cthulhu\" của HP Lovecraft là một câu chuyện đau khổ về sự yếu đuối trong tâm trí con người khi họ phải đối mặt với một thứ sức mạnh kinh hoàng và những trí tuệ đến từ bên ngoài thế giới của chúng ta.','CTHULLU.jpg',36),(22,'Tam thể',3,8,2008,'Tam Thể (tiếng Hoa: 三体; đánh vần: sān tǐ , tiếng Anh: The Three-Body Problem ) là quyển tiểu thuyết khoa học viễn tưởng của nhà văn người Trung Quốc Lưu Từ Hân. Tên sách phỏng theo Bài toán ba vật thể trong Cơ học. Tuy đây chỉ là cuốn đầu tiên trong bộ ba (Tam bộ khúc - Triology) Chuyện cũ Trái Đất (tiếng Hoa: 地球往事, Hán Việt: Địa cầu vãng sự, tiếng Anh : Remembrance of Earth\'s Past), nhưng người đọc Trung Quốc thường gọi cả bộ sách là Tam Thể. Quyển hai và ba trong bộ tiểu thuyết tên là Khu rừng đen tối ( tiếng Anh: The Dark Forest, tiếng Hoa: 黑暗森林; Hán-Việt: Hắc ám sâm lâm ) và Tử thần sống mãi ( tiếng Anh: Death\'s End, tiếng Hoa:死神永生, đánh vần bính âm: Sǐshén yǒngshēng; Hán-Việt: Tử thần vĩnh sinh ). Ba cuốn tiểu thuyết kể về kể về quá trình bắt đầu đến hội nhập của nền văn minh Trái Đất với vận mệnh của vũ trụ.\r\nTrong cuốn một, viễn cảnh được đặt ra là Trái Đất đang đợi quân xâm lược đến từ hệ sao Trisolaris, một hệ sao gần Mặt Trời nhất bao gồm ba ngôi sao quay quanh nhau một cách ngẫu nhiên, có một hành tinh giống Trái đất di chuyển giữa chúng và phải chịu điều kiện khắc nghiệt của nóng và lạnh, cùng với nó là sự hủy diệt lặp đi lặp lại của nền văn minh trên hành tinh.','TamThe.jpg',29),(23,'Vision in White',1,8,2019,'Vision in White là cuốn sách đầu tiên của loạt tiểu thuyết lãng mạn Bộ tứ cô dâu, được viết bởi Nora Roberts. Nó đã dành hai tuần đứng đầu trong Danh sách bán chạy nhất của Thời báo New York và đạt vị trí thứ 3 trong danh sách bán chạy nhất của USA Today, đánh dấu lần đầu tiên một trong những cuốn sách của Roberts trở thành sách bán chạy nhất ở định dạng bìa mềm.\r\nCuốn tiểu thuyết đánh dấu sự trở lại của Roberts với chuyện tình cảm đương đại. Loạt sách mới xoay quanh một doanh nghiệp tổ chức đám cưới do bốn người bạn thời thơ ấu điều hành. Câu chuyện đầu tiên này mô tả mối quan hệ đang phát triển giữa nhiếp ảnh gia đám cưới Mackensie \"\"Mac\"\" Elliot và giáo sư người Anh Carter Maguire. Giống như một số tiểu thuyết khác của Roberts, Vision in White khám phá cách một nhân vật chính cân bằng sự nghiệp thành công với môi trường gia đình rối loạn chức năng. Mặc dù anh hùng là một đại diện khá điển hình cho nguyên mẫu tiểu thuyết lãng mạn của giáo sư, nhưng cuốn tiểu thuyết hơi khác thường đối với một câu chuyện tình lãng mạn ở chỗ anh hùng phải thuyết phục nữ chính chấp nhận một cơ hội về tình yêu.','ViW.jpg',4),(24,'Thay Đổi Cuộc Sống Với Nhân Số Học',2,14,2020,'Cuốn sách Thay đổi cuộc sống với Nhân số học là tác phẩm được chị Lê Đỗ Quỳnh Hương phát triển từ tác phẩm gốc “The Complete Book of Numerology” của tiến sỹ David A. Phillips, khiến bộ môn Nhân số học khởi nguồn từ nhà toán học Pythagoras trở nên gần gũi, dễ hiểu hơn với độc giả Việt Nam. Cuốn sách “Thay đổi cuộc sống với Nhân số học”mang lại đầy đủ những kiến thức quan trọng nhất mà người hứng thú với Nhân số học cần tìm hiểu. Sách bao gồm các kiến thức về ba thể trong một con người, con số chủ đạo, biểu đồ ngày sinh, các mũi tên chỉ đặc điểm, con số ngày sinh, chu kỳ 9 năm, ba giai đoạn và bốn đỉnh cao của đời người cùng ý nghĩa, sức mạnh của cái tên của mỗi người. Các kiến thức này được diễn giải, phân tích và đi kèm các ví dụ cụ thể.','tdcsvnsh.jpg',21),(25,'Chiến Binh Cầu Vồng',2,8,2020,'Một tác phẩm có tầm ảnh hưởng sâu rộng nhất Indonesia\r\nThầy Harfan và cô Mus nghèo khổ đã mang đến cho tôi tuổi thơ đẹp nhất, tình bạn đẹp nhất, và tâm hồn phong phú, một thứ gì đó vô giá, thậm chí còn có giá trị hơn những khao khát mơ ước. Có thể tôi lầm, nhưng theo ý tôi, đây thật sự là hơi thở của giáo dục và linh hồn của một chốn được gọi là trường học. - (Trích tác phẩm)\r\n\r\nTrong ngày khai giảng, nhờ sự xuất hiện vào phút chót của cậu bé thiểu năng trí tuệ Harun, trường Muhammadiyah may mắn thoát khỏi nguy cơ đóng cửa. Nhưng ước mơ dạy và học trong ngôi trường Hồi giáo ấy liệu sẽ đi về đâu, khi ngôi trường xập xệ dường như sẵn sàng sụp xuống bất cứ lúc nào, khi lời đe dọa đóng cửa từ viên thanh tra giáo dục luôn lơ lửng trên đầu, khi những cỗ máy xúc hung dữ đang chực chờ xới tung ngôi trường để dò mạch thiếc…? Và liệu niềm đam mê học tập của những Chiến binh Cầu vồng đó có đủ sức chinh phục quãng đường ngày ngày đạp xe bốn mươi cây số, rồi đầm cá sấu lúc nhúc bọn ăn thịt người, chưa kể sự mê hoặc từ những chuyến phiêu lưu chết người theo tiếng gọi của ngài pháp sư bí ẩn trên đảo Hải Tặc, cùng sức cám dỗ khôn cưỡng từ những đồng tiền còm kiếm được nhờ công việc cu li toàn thời gian\r\nChiến binh Cầu vồng có cả tình yêu trong sáng tuổi học trò lẫn những trò đùa tinh quái, cả nước mắt lẫn tiếng cười – một bức tranh chân thực về hố sâu ngăn cách giàu nghèo, một tác phẩm văn học cảm động truyền tải sâu sắc nhất ý nghĩa đích thực của việc làm thầy, việc làm trò và việc học.\r\nTác phẩm đã bán được trên năm triệu bản, được dịch ra 26 thứ tiếng, là một trong những đại diện xuất sắc nhất của văn học Indonesia hiện đại.','chienbinhcauvong.jpg',15),(26,'Pháp Luật Đại Cương',2,1,2021,'Nhằm góp phần phục vụ công tác đào tạo, bồi dưỡng những kiến thức cơ bản về nhà nước và pháp luật cho học sinh, sinh viên; cung cấp thêm tài liệu nghiên cứu, tham khảo cho giảng viên các trường đại học, cao đẳng, trung học chuyên nghiệp, Nhà xuất bản Chính trị quốc gia – Sự thật xuất bản cuốn sách PHÁP LUẬT ĐẠI CƯƠNG do Tiến sĩ, Luật sư Lê Minh Toàn chủ biên.','phap-luat-dai-cuong.jpg',25),
(27,'Khi Hơi Thở Hóa Thinh Không (Tái Bản 2020)',2,7,2020,'Khi hơi thở hóa thinh không là tự truyện của một bác sĩ bị mắc bệnh ung thư phổi. Trong cuốn sách này, tác giả đã chia sẻ những trải nghiệm từ khi mới bắt đầu học ngành y, tiếp xúc với bệnh nhân cho tới khi phát hiện ra mình bị ung thư và phải điều trị lâu dài.','khthtk.jpg',19),(28,'Tôi Học Đại Học',2,7,2016,'"Có những con người như hạt giống trong ta..." "Tôi học đại học" gồm 2 phần với 38 câu chuyện thật gần gũi và cảm động. Qua tác phẩm của Nguyễn Ngọc Ký, chúng tôi gặp lại chính mình - những chàng trai cô gái ở một vùng quê nghèo khó nhưng hiếu học. Như một món quà tinh thần quý giá, Nguyễn Ngọc Ký dành những trang viết chân thành, trân trọng nhất để tri ân các thầy, cô, cha mẹ, bạn học; cả người và đất đã nâng bước anh. Đó là thầy Châu, thầy Chử, thầy Trừu... (thời học cấp 3). Đó là thầy Diệp Tư, thầy Bùi Ngọc Trác, GS Hoàng Như Mai, GS Ngụy Như Kon Tum... (thời học đại học). Ấn tượng nhất là những trang viết về bạn bè của anh như: Vũ Như Cách, Nghiệp đen, Lê Quang Trang, Trần Bảo Hưng, Lê Thành Nghị, Lê Huy Hòa... Đó còn là Côn (Thái Bình), Hoàn (Phú Thọ), Lân (Quảng Bình), Đãng (Nam Định)... Cứ như thể, nếu không có họ thì anh không bao giờ trở thành Nhà giáo ưu tú Nguyễn Ngọc Ký, nhà thơ Nguyễn Ngọc Ký... của ngày hôm nay. Điều ấy, hoàn toàn đúng. Nếu không có những người thầy, người bạn và cả những người dân của vùng quê Hải Hậu, Tràng Dương, La Khê... ấy thì một người có hoàn cảnh đặc biệt như Nguyễn Ngọc Ký không thể thực hiện được ước mơ, trở thành thầy giáo, trở thành nhà văn viết về mình, về cuộc đời nghiệt ngã nhưng "ấm áp giữa bơ vơ" này. Trong "Tôi học đại học", Nguyễn Ngọc Ký không chỉ nhớ những người cưu mang mình mà còn nhớ rất lâu, rất sâu những kỷ niệm về những vùng đất với những con người yêu thương, giúp đỡ anh như người ruột thịt. Kỷ niệm về chiếc chăn bông, cây đèn tự chế, đôi tất lạ, đến bữa cháo sắn, cây cầu ông Kiểm, chiếc cửa sổ mới, chiếc bàn học của hai ông bụt... đã được Nguyễn Ngọc Ký kể với tình cảm trân trọng, tri ân','toi-hoc-dai-hoc.jpg',21),(29,'Tôi Thấy Hoa Vàng Trên Cỏ Xanh',2,8,2018,'Những câu chuyện nhỏ xảy ra ở một ngôi làng nhỏ: chuyện người, chuyện cóc, chuyện ma, chuyện công chúa và hoàng tử , rồi chuyện đói ăn, cháy nhà, lụt lội,... Bối cảnh là trường học, nhà trong xóm, bãi tha ma. Dẫn chuyện là cậu bé 15 tuổi tên Thiều. Thiều có chú ruột là chú Đàn, có bạn thân là cô bé Mận. Nhưng nhân vật đáng yêu nhất lại là Tường, em trai Thiều, một cậu bé học không giỏi. Thiều, Tường và những đứa trẻ sống trong cùng một làng, học cùng một trường, có biết bao chuyện chung. Chúng nô đùa, cãi cọ rồi yêu thương nhau, cùng lớn lên theo năm tháng, trải qua bao sự kiện biến cố của cuộc đời. Tác giả vẫn giữ cách kể chuyện bằng chính giọng trong sáng hồn nhiên của trẻ con. 81 chương ngắn là 81 câu chuyện hấp dẫn với nhiều chi tiết thú vị, cảm động, có những tình tiết bất ngờ, từ đó lộ rõ tính cách người. Cuốn sách, vì thế, có sức ám ảnh.','tthvatcx.jpg',22),(30,'Cho Tôi Xin Một Vé Đi Tuổi Thơ',2,8,2018,'"Trong Cho tôi xin một vé đi tuổi thơ, nhà văn Nguyễn Nhật Ánh mời người đọc lên chuyến tàu quay ngược trở lại thăm tuổi thơ và tình bạn dễ thương của 4 bạn nhỏ. Những trò chơi dễ thương thời bé, tính cách thật thà, thẳng thắn một cách thông minh và dại dột, những ước mơ tự do trong lòng… khiến cuốn sách có thể làm các bậc phụ huynh lo lắng rồi thở phào. Không chỉ thích hợp với người đọc trẻ, cuốn sách còn có thể hấp dẫn và thực sự có ích cho người lớn trong quan hệ với con mình. Trong Cho tôi xin một vé đi tuổi thơ, nhà văn Nguyễn Nhật Ánh mời người đọc lên chuyến tàu quay ngược trở lại thăm tuổi thơ và tình bạn dễ thương của 4 bạn nhỏ. Những trò chơi dễ thương thời bé, tính cách thật thà, thẳng thắn một cách thông minh và dại dột, những ước mơ tự do trong lòng… khiến cuốn sách có thể làm các bậc phụ huynh lo lắng rồi thở phào. Không chỉ thích hợp với người đọc trẻ, cuốn sách còn có thể hấp dẫn và thực sự có ích cho người lớn trong quan hệ với con mình. Trong Cho tôi xin một vé đi tuổi thơ, nhà văn Nguyễn Nhật Ánh mời người đọc lên chuyến tàu quay ngược trở lại thăm tuổi thơ và tình bạn dễ thương của 4 bạn nhỏ. Những trò chơi dễ thương thời bé, tính cách thật thà, thẳng thắn một cách thông minh và dại dột, những ước mơ tự do trong lòng… khiến cuốn sách có thể làm các bậc phụ huynh lo lắng rồi thở phào. Không chỉ thích hợp với người đọc trẻ, cuốn sách còn có thể hấp dẫn và thực sự có ích cho người lớn trong quan hệ với con mình."','ctmvdvtt.jpg',22),(31,'Đừng Nhạt Nữa',2,11,2021,'Thanh xuân không ai nhắc bạn rằng: Không ai muốn nghe bạn ba hoa về thu nhập ngoài nhân viên bán bảo hiểm. Không ai chướng mắt với ảnh check-in du lịch của bạn hơn ông sếp ngồi nhà. Thanh xuân không ai nhắc bạn những thứ bạn nên làm, không ai nhắc bạn những thứ bạn nên tin, không ai nhắc bạn chuyện quan trọng nhất để không lãng phí tuổi trẻ là đừng sống nhạt nhoà. Hãy sống mặn mà và tận hưởng sự vui vẻ đi! Sống thật vui vẻ với một ngày trời mưa tầm tã. Sống thật vui vẻ với người họ hàng giả trân. Sống thật vui vẻ với người bạn nợ nần dai như đỉa. Sống thật vui vẻ với deadline dí đầu cùng người sếp khó tính… “Đừng nhạt nữa” - Cuốn sách với sự nhúng tay từ NGOA, tác giả của định nghĩa “Tuesday” (người thứ ba) gây bão cộng đồng mạng, sẽ mang đến cho bạn những tiếng cười không ngớt cũng như nguồn năng lượng tích cực giúp bạn đối mặt với độ phũ của cuộc đời. Bởi vì canh nhạt thì thêm muối. Đời nhạt quá thì đọc sách của NGOA.','dungnhatnua.jpg',15),(32,'Đọc Vị Bất Kỳ Ai',2,3,2019,'Bạn băn khoăn không biết người ngồi đối diện đang nghĩ gì? Họ có đang nói dối bạn không? Đối tác đang ngồi đối diện với bạn trên bàn đàm phán đang nghĩ gì và nói gì tiếp theo? ĐỌC người khác là một trong những công cụ quan trọng, có giá trị nhất, giúp ích cho bạn trong mọi khía cạnh của cuộc sống. ĐỌC VỊ người khác để: Hãy chiếm thế thượng phong trong việc chủ động nhận biết điều cần tìm kiếm - ở bất kỳ ai bằng cách “thâm nhập vào suy nghĩ” của người khác. ĐỌC VỊ BẤT KỲ AI là cẩm nang dạy bạn cách thâm nhập vào tâm trí của người khác để biết điều người ta đang nghĩ. Cuốn sách này sẽ không giúp bạn rút ra các kết luận chung về một ai đó dựa vào cảm tính hay sự võ đoán. Những nguyên tắc được chia sẻ trong cuốn sách này không đơn thuần là những lý thuyết hay mẹo vặt chỉ đúng trong một số trường hợp hoặc với những đối tượng nhất định. Các kết quả nghiên cứu trong cuốn sách này được đưa ra dựa trên phương pháp S.N.A.P - cách thức phân tích và tìm hiểu tính cách một cách bài bản trong phạm vi cho phép mà không làm mếch lòng đối tượng được phân tích. Phương pháp này dựa trên những phân tích về tâm lý, chứ không chỉ đơn thuần dựa trên ngôn ngữ cử chỉ, trực giác hay võ đoán.','docvibatkiai.jpg',19),(33,'Chạy Trốn Mặt Trời',2,11,2016,'Chạy trốn mặt trời là cuốn tản văn mới nhất của “anh Sky” Minh Nhật -  chàng nhà văn của lứa tuổi 20 với hàng chục cuốn sách được độc giả trẻ yêu mến như: Sự lựa chọn của bầu trời, Bỗng một ngày đẹp trời, Hà Nội chờ, Một chút mỗi ngày, Nơi cơn gió ngừng chân, Những quân cờ Domino, Café yêu… Trong lời đề tựa cuốn sách, Minh Nhật đã bật mí về tên gọi Chạy trốn mặt trời: “Chạy trốn mặt trời là tên một ca khúc của Đa Sắc, Đen, JGKid và Thảo Phương. Bài hát được viết từ cảm hứng gợi lên từ một bộ phim của Nhật nói về cô gái mang một chứng bệnh kỳ lạ khiến cô không thể tiếp xúc với ánh sáng mặt trời.[…]. Trong bộ phim, cô gái thường ra đường khi đã khuya, chơi đàn guitar tại một bến tầu điện ngầm và trở về nhà trước bình minh. Nhiều câu chuyện giản dị, ngẫu hứng nhưng lại khiến ta giật mình nhìn lại những mối quan hệ quan trọng nhưng lại bị bỏ quên giữa bộn bề cuộc sống. Đã lâu ta không về thăm nhà, vì bận. Đã lâu ta không ngồi café với đứa bạn thân, vì bận. Ta đã quên thói quen gọi điện cho bố mỗi ngày, vì bận. Những câu chuyện trong Chạy trốn mặt trời không đơn thuần là sự sẻ chia, mà còn thúc giục, khích lệ thế hệ trẻ hướng tới sự đổi thay trong cách nhìn về cuộc sống của chính mình.','chaytronmattroi.jpg',27),
(34,'Số Đỏ',2,8,2021,'Bằng ngòi bút trào phúng độc đáo, Số đỏ lên án gay gắt cái xã hội tư sản thành thị Việt Nam đương thời đang chạy theo lối sống "văn minh rởm" hết sức lố lăng đồi bại. Tác giả đã kích cay độc các phong trào " Âu hoá", "thể thao", " giải phóng nữ quyền" đang phát triển rầm rộ khi ấy, nhân danh "văn minh", "tiến bộ", "cải cách xã hội" mà thực chất chỉ là ăn chơi truỵ lạc, làm tiền, chà đạp trắng trợn lên mọi nề nếp đạo đức truyền thống.. Ngôn ngữ nghệ thuật của Vũ Trọng Phụng thấm đẫm cá tính sáng tạo. Một thứ ngôn ngữ vừa gai góc, sắc nhọn, mỉa mai, chát. Cũng là thứ ngôn ngữ hướng đến sự phô bày, lên án, tố cáo những mặt trái của xã hội nhưng dữ dội hơn so với các cây bút hiện thực khác. Số Đỏ xoay quanh nhân vật làm đảo điên Hà Nội những năm 1930 - 1940, Xuân Tóc đỏ - từ một thằng bé mồ côi, kiếm sống bằng đủ thứ nghề, nhờ thủ đoạn xảo trá, "nhờ thời" đã trở thành me xừ, được mời vào hội Khai trí Tiến đức và cuối cùng được nhân huân chương Bắc Đẩu bội tinh.','sodo.jpg',23),								
(35,'Sapiens: Lược Sử Loài Người',2,4,2019,'Sapiens, đưa chúng ta vào một chuyến đi kinh ngạc qua toàn bộ lịch sử loài người, từ những gốc rễ tiến hóa của nó đến thời đại của chủ nghĩa tư bản và kỹ thuật di truyền, để khám phá tại sao chúng ta đang trong những điều kiện sinh sống hiện tại. Sapiens tập trung vào các quá trình quan trọng đã định hình loài người và thế giới quanh nó, chẳng hạn như sự ra đời của sản xuất nông nghiệp, việc tạo ra tiền, sự lan truyền của những tôn giáo, và sự nổi lên của những nhà nước quốc gia. Không giống như những quyển sách khác cùng loại, Sapiens đã có một lối tiếp cận liên ngành học, bắc cầu qua những khoảng cách giữa lịch sử, sinh học, triết học và kinh tế theo một lối trước đây chưa từng có. Hơn nữa, lấy cả quan điểm vĩ mô và vi mô, Sapiens không chỉ đề cập đến những gì đã xảy ra và tại sao, mà còn đi sâu vào việc những cá nhân trong lịch sử đó đã cảm nhận nó như thế nào. Câu hỏi lớn và sâu sắc của Harari là: chúng ta thực sự muốn gì? Có cách nào để đạt được hạnh phúc cho con người chúng ta, hoặc thậm chí liệu chúng ta có biết được nó là gì hay không? Trong cốt lõi của nó, Sapiens biện luận rằng chúng ta không biết về bản thân chúng ta, huống chi biết được những nhu cầu của những loài sinh vật khác. Chúng ta đã quá thường xuyên bị những tưởng tượng hư cấu của chúng ta lừa dối. Lịch sử cũng là một hư cấu, nhưng một hư cấu đã được kiềm chế bởi thực tại và biện luận: một hình thức của huyền thoại – một hư cấu hữu ích – khiến nó có thể mang lại sự giác ngộ của sự tự biết chính mình. “Tôi khuyến khích tất cả chúng ta, dẫu có những tin tưởng tín ngưỡng nào, để đặt câu hỏi về những thuật kể cơ bản về thế giới chúng ta, để nối những phát triển ngày xưa với những quan tâm ngày nay, và để không sợ hãi những vấn đề tranh luận” (Yuval Noah Harari)','luocsuloainguoi.jpg',28),
(36,'Muôn Kiếp Nhân Sinh - Many Times, Many Lives',2,10,2020,'“Muôn kiếp nhân sinh” là tác phẩm do Giáo sư John Vũ - Nguyên Phong viết từ năm 2017 và hoàn tất đầu năm 2020 ghi lại những câu chuyện, trải nghiệm tiền kiếp kỳ lạ từ nhiều kiếp sống của người bạn tâm giao lâu năm, ông Thomas – một nhà kinh doanh tài chính nổi tiếng ở New York. Những câu chuyện chưa từng tiết lộ này sẽ giúp mọi người trên thế giới chiêm nghiệm, khám phá các quy luật về luật Nhân quả và Luân hồi của vũ trụ giữa lúc trái đất đang gặp nhiều tai ương, biến động, khủng hoảng từng ngày. “Muôn kiếp nhân sinh” là một bức tranh lớn với vô vàn mảnh ghép cuộc đời, là một cuốn phim đồ sộ, sống động về những kiếp sống huyền bí, trải dài từ nền văn minh Atlantis hùng mạnh đến vương quốc Ai Cập cổ đại của các Pharaoh quyền uy, đến Hợp Chủng Quốc Hoa Kỳ ngày nay. “Muôn kiếp nhân sinh”cung cấp cho bạn đọc kiến thức mới mẻ, vô tận của nhân loại lần đầu được hé mở, cùng những phân tích uyên bác, tiên đoán bất ngờ về hiện tại và tương lai thế giới của những bậc hiền triết thông thái. Đời người tưởng chừng rất dài nhưng lại trôi qua rất nhanh, sinh vượng suy tử, mong manh như sóng nước. Luật nhân quả cực kỳ chính xác, chi tiết, phức tạp được thu thập qua nhiều đời, nhiều kiếp, liên hệ tương hỗ đan xen chặt chữ lẫn nhau, không ai có thể tính được tích đức này có thể trừ được nghiệp kia không, không ai có thể biết được khi nào nhân sẽ trổ quả. Nhưng, một khi đã gây ra nhân thì chắc chắn sẽ gặt quả - luật Nhân quả của vũ trụ trước giờ không bao giờ sai. Luật Luân hồi và Nhân quả đã tạo nhân duyên để người này gặp người kia. Gặp nhau có khi là duyên, có khi là nợ; gặp nhau có lúc để trả nợ, có lúc để nối lại duyên xưa. Có biết bao việc diễn ra trong đời, tưởng chừng như là ngẫu nhiên nhưng thật ra đã được sắp đặt từ trước. Luân hồi là một ngôi trường rộng lớn, nơi tất cả con người, tất cả sinh vật đều phải học bài học của riêng mình cho đến khi thật hoàn thiện mới thôi. Nếu không chịu học hay chưa học được trọn vẹn thì buộc phải học lại, chính xác theo quy luật của Nhân quả.','muonkiepnhansinh.jpg',21),
(37,'Muôn Kiếp Nhân Sinh - Many Times, Many Lives - Tập 2',2,10,2021,'Hiếm có cuốn sách nào ngay từ khi ra mắt đã tạo nên hiện tượng văn hóa đọc và sau nửa năm đã trở thành cuốn sách bán chạy nhất năm 2020 tại Việt Nam như Muôn Kiếp Nhân Sinh. Cơn sốt của cuốn sách này tiếp tục được dấy lên vào dịp Tết Nguyên Đán 2021 khi công ty First News Trí Việt hé lộ đang “ngày đêm thực hiện Muôn Kiếp Nhân Sinh tập 2”. Đáp lại sự mong đợi của độc giả suốt hơn ba tháng, Muôn Kiếp Nhân Sinh tập 2 đã chính thức phát hành trên cả nước. Muôn Kiếp Nhân Sinh tập 2 của tác giả Nguyên Phong tiếp tục là những câu chuyện tiền kiếp, nhân quả luân hồi hấp dẫn gắn liền với những kiến giải uyên bác về quá khứ, hiện tại, tương lai của nhân loại và thế giới thông qua góc nhìn của cả khoa học và tâm linh. Chúng ta là ai, chúng ta đến từ đâu và sẽ đi về đâu? Làm cách nào để chữa lành thế giới này, hành tinh này trước những biến cố lớn đang và sẽ diễn ra trong tương lai gần? Trong tập 2, hành trình thức tỉnh tâm linh của nhân vật Thomas sẽ dẫn dắt người đọc đến với những tầng cõi năng lượng gắn chặt với thế giới hữu hình của con người thông qua sự vận động của nghiệp lực, nhân quả, để giải thích về thứ năng lượng huyền bí luôn biến chuyển trong chu kỳ bất tận của vũ trụ. Không chỉ là trải nghiệm ly kỳ tại tiền kiếp cổ đại ở Assiria, Hy Lạp, độc giả còn được khám phá hành trình của linh hồn đến những tầng cõi – trạm trung chuyển khác nhau, được xâu chuỗi lại bằng cả triết học, tín ngưỡng, lịch sử và khoa học thế giới từ Đông sang Tây, từ cổ đại đến hiện đại. Năng lượng không tự nhiên sinh ra và cũng không tự nhiên mất đi, sự sống này cũng vậy, khởi đầu và kết thúc - tuy hai mà một, và chỉ có nhân quả sẽ luôn tuần hoàn vận hành bất tận. Muôn Kiếp Nhân Sinh tập 2 lý giải rằng vạn vật trên thế giới như cỏ cây, hoa lá, côn trùng, thú vật và con người tuy bề ngoài có vẻ khác biệt nhưng tinh hoa bên trong vẫn là một, đó là sự sống hay năng lượng khởi thủy uyên nguyên. Tinh hoa đó như là “Nước”, còn vạn vật chỉ là “Sóng”. Sóng thì muôn trùng, sóng lớn, sóng nhỏ… nhưng chúng vẫn chỉ là nước. Nếu chân ngã là đại dương thì bản ngã chỉ là nước chứa đựng trong cái chén. Vấn đề là làm sao phá vỡ cái chén để nước trở về với đại dương và đó cũng chính là hành trình của Thomas từ một doanh nhân với niềm tin duy vật hoàn toàn đã từng bước giác ngộ, thức tỉnh để khám phá về luân hồi, nhân quả, chuyển hóa nghiệp quả, chuyển đổi tâm thức và gửi gắm những thông điệp nhân sinh tốt đẹp đến độc giả. Tác giả Nguyên Phong chia sẻ trong cuốn sách rằng, mọi việc dù lớn hay nhỏ cũng sẽ góp phần ảnh hưởng trực tiếp đến cuộc sống hiện tại hoặc trong tương lai, thậm chí đến tận kiếp sau. Đó là những nghiệp báo ở kiếp trước cộng nghiệp với hành vi của chúng ta trong kiếp này để hình thành nên bánh xe nghiệp lực khổng lồ phức tạp nhưng lại không bỏ sót bất cứ ai, bất cứ quốc gia nào và không bỏ sót bất cứ hành vi hay tư tưởng nào. Bởi lẽ, chúng ta đều là phần tử của một sự sống vĩ đại thuộc về một năng lượng khởi thuỷ, được sắp đặt khéo léo bởi những định luật trong vũ trụ. Bằng những câu chuyện thú vị, sâu sắc, liên kết với nhau một cách chặt chẽ, Muôn Kiếp Nhân Sinh tập 2 sẽ đưa độc giả vào cuộc hành trình trên chuyến tàu thời gian từ phố Wall nước Mỹ đến những cuộc chinh phạt của Alexander Đại Đế, bí ẩn lăng mộ Tần Thủy Hoàng, những cõi giới linh hồn, rồi quay ngược lại cuộc sống đời thường mà bất cứ ai cũng thấy có mình ở trong đó. Để cùng suy ngẫm về những giá trị đẹp đẽ của đời sống. Để nắm lấy những thời khắc còn lại của cuộc đời mình và xoay chuyển số phận, nghiệp lực theo chiều hướng tỉnh thức và nhân ái. Và trên hết, đó là cùng chung tay xây dựng một thế giới tốt đẹp trên nền tảng của yêu thương và chữa lành. “Nếu chúng ta có thể cùng nhauchuyển hoá những tư tưởng thù hận, tham lam, íchkỷ bằng những tư tưởng cao thượng, tốt lành; chuyểnhóa các hành động hận thù, giết chóc bằng tình thươngyêu rộng lớn thì mọi việc có thể thay đổi” – trích Muôn Kiếp Nhân Sinh tập 2.','muonkiepnhansinh2.jpg',21),
(38,'Hành Trình Về Phương Đông',2,16,2019,'Một trong những tác phẩm đương đại độc đáo nhất về văn hoá phương Đông. "Hành trình về phương Đông" kể về những trải nghiệm của một đoàn khoa học gồm các chuyên gia hàng đầu của Hội Khoa Học Hoàng Gia Anh được cử sang Ấn Độ nghiên cứu về huyền học và những khả năng siêu nhiên của con người. Suốt hai năm trời rong ruổi khắp các đền chùa Ấn Độ, chúng kiến nhiều pháp luật, nhiều cảnh mê tín dị đoan, thậm chí lừa đảo...của nhiều pháp sư, đạo sĩ...họ được tiếp xúc với những vị thế, họ được chứng kiến, trải nghiệm, hiểu biết sâu sắc về các khoa học cổ xưa và bí truyền của văn hóa Ấn Độ như Yoga, thiền định, thuật chiêm duyên, nghiệp báo, luật nhân quả, cõi sống và cõi chết.... Đúng lúc một cuộc đối thoại cởi mở và chân thành đang sắp diễn ra với các đạo sĩ bậc thầy, thì đoàn nhận được tối hậu thư từ chính quyền Anh Quốc là phải ngừng ngay việc nghiên cứu, tức khắc hồi hương và bị buộc phải im lặng, không được phát ngôn về bất cứ điều gì mà họ đã chứng nghiệm. Sau cùng ba nhà khoa học trong đoàn đã chấp nhận bỏ lại tất cả sau lưng, ở lại Ấn Độ tiếp tục nghiên cứu và cuối cùng trở thành tu sĩ. Trong số đó có giáo sư Spalding - tác giả hồi ký đặc biệt này. Nguyên Phong là dịch giả nổi tiếng với thể loại sách tâm linh và văn hóa phương Đông. Riêng với quyển “Hành trình về phương Đông”, có lẽ quyển sách này đã “tự tìm” đến ông khi ông vào thư viện của trường, ngang khu sách tôn giáo thì thấy một quyển sách rơi trên lối đi. Ông nhặt lên, không nhìn xem đó là quyển gì. Đi một vòng quay lại, lại thấy cuốn sách kia rơi trên lối đi, ông nhặt lên và có nhìn xem tên quyển sách trước khi xếp nó vào giá. Đến khi mọi người đã vãn, ông đi lại khu sách cũ, lại thấy quyển sách kia nằm giữa ngay lối đi. Và cuối cùng ông mượn về, đọc một mạch, đọc lại rồi đọc lại. Sau đó, dịch quyển sách ấy ra tiếng Việt với tên: “Hành trình về phương Đông” như bạn đọc thấy hiện nay. "Hành trình về phương Đông" - thông qua ngòi bút của dịch giả Nguyên phong - giúp người đọc đến gần với những nét văn hoá của phương Đông, khám phá các giá trị vình hằng của cuộc sống. Tác phẩm luôn nằm trong top 10 cuốn sách bán chạy nhất của First News, được đánh giá là một trong những cuốn sách đương đại độc đáo, khác biệt nhất về phương Đông.','hanhtrinhvephuongdong.jpg',20),
(39,'Tuổi Trẻ Đáng Giá Bao Nhiêu?',2,3,2018,'“Bạn hối tiếc vì không nắm bắt lấy một cơ hội nào đó, chẳng có ai phải mất ngủ. Bạn trải qua những ngày tháng nhạt nhẽo với công việc bạn căm ghét, người ta chẳng hề bận lòng. Bạn có chết mòn nơi xó tường với những ước mơ dang dở, đó không phải là việc của họ. Suy cho cùng, quyết định là ở bạn. Muốn có điều gì hay không là tùy bạn. Nên hãy làm những điều bạn thích. Hãy đi theo tiếng nói trái tim. Hãy sống theo cách bạn cho là mình nên sống. Vì sau tất cả, chẳng ai quan tâm.” “Tôi đã đọc quyển sách này một cách thích thú. Có nhiều kiến thức và kinh nghiệm hữu ích, những điều mới mẻ ngay cả với người gần trung niên như tôi. Tuổi trẻ đáng giá bao nhiêu? được tác giả chia làm 3 phần: HỌC, LÀM, ĐI. Nhưng tôi thấy cuốn sách còn thể hiện một phần thứ tư nữa, đó là ĐỌC. Hãy đọc sách, nếu bạn đọc sách một cách bền bỉ, sẽ đến lúc bạn bị thôi thúc không ngừng bởi ý muốn viết nên cuốn sách của riêng mình. Nếu tôi còn ở tuổi đôi mươi, hẳn là tôi sẽ đọc Tuổi trẻ đáng giá bao nhiêu? nhiều hơn một lần.” - Đặng Nguyễn Đông Vy, tác giả, nhà báo	','tuoitredanggiabaonhieu.jpg',16),
(40,'Trên Đường Băng',2,3,2017,'TRÊN ĐƯỜNG BĂNG là cuốn sách tập hợp những bài viết truyền cảm hứng và hướng dẫn kỹ năng cho các bạn trẻ khi chuẩn bị bước vào đời. Cuốn Trên Đường Băng được chia làm 3 phần: “Chuẩn bị hành trang”, “Trong phòng chờ sân bay” và “Lên máy bay”, tương ứng với những quá trình một bạn trẻ phải trải qua trước khi “cất cánh” trên đường băng cuộc đời, bay vào bầu trời cao rộng. Xuất phát từ cái tâm trong sáng của người đi trước dày dặn kinh nghiệm, kiến thức, Tony Buổi Sáng mang đến đọc giả những bài viết hài ước, tinh tế, sinh động và đầy thiết thực. Cuốn Trên Đường Băng với những bài viết về thái độ với sự học và kiến thức nói chung, cách ứng phó với những trắc trở thử thách khi đi làm, cách sống hào sảng nghĩa tình văn minh… truyền cảm hứng cho các bạn trẻ sống hết mình, trọn vẹn từng phút giây và sẵn sàng cho hành trang cuộc sống. Trên Đường Băng của Tony Buổi Sáng tuy hướng đến những đọc giả là những người trẻ nhưng những người lớn hơn vẫn để hiểu hơn, và có cách nhìn nhận cũng như giáo dục con em mình tốt nhất thay vì bảo vệ con quá kĩ trở nên yếu ớt và thiếu tự lập. Và để yêu thương “khoa học” nhất. Đây cũng là cuốn sách mà những người đi làm nên sở hữu để nhìn lại chặng đường mình đã đi qua, suy ngẫm và thay đổi vì chưa bao giờ là quá muộn. Một cuốn sách với nhiều điều để bạn học hỏi, suy ngẫm và chuẩn bị tốt nhất cho hành trang trên con đường tuổi trẻ của chính mình.','tren_duong_bang.jpg',22),
(41,'Yêu Bản Thân Là Khởi Đầu Của Một Đời Lãng Mạn',2,3,2021,'"Đời người chóng vánh lắm, hãy sống hết mình và tỏa sáng đi bạn nhé! Thay vì mua vui cho người khác, hãy tự mang lại hạnh phúc cho chính mình. Ai cũng chỉ có một lần sống trên đời, thế nên hãy đi và làm điều mình thích! Thật sự yêu chính mình không hoàn toàn chỉ là hy sinh tất cả thời gian và sức lực để giành lấy vinh quang nào đó vô định ở tương lai, song là sống hết lòng cùng đam mê và những điều thú vị trong cuộc đời, là sống theo cách mà mình muốn và hạnh phúc với nó. Luôn có người nói rằng, tôi muốn thực hiện quá nhiều thứ nhưng không có đủ thời gian để làm điều đó. Người thật sự siêng năng sẽ không viện cớ cho sự chây lười của mình. Một quyết định bồng bột không thể tạo dựng nên hoài bão, nhưng ước mơ sẽ được hình thành một cách chậm rãi và bền bỉ. Cơ hội sẽ chỉ dành cho người siêng năng nhất. Hãy học cách lắng nghe và thấu hiểu mỗi một suy nghĩ nằm sâu trong thâm tâm của bạn, tự hỏi chính mình rằng bạn mong cầu một cuộc đời thế nào? Khi đã có câu trả lời, hãy tập trung tìm tòi và học hỏi, bền lòng suy ngẫm cũng như trau dồi bản thân. Đừng mãi ký thác niềm hy vọng của bạn ở người khác, bạn buộc phải biết cách sống tự chủ và tự lập, làm chủ cuộc đời của mình. Có rất nhiều khi bạn trông chờ ai đó sẽ đến cứu rỗi mình, nhưng chính niềm tin đó lại trở thành điểm yếu khiến bạn lệ thuộc. Không ai sẵn sàng quên mình để chịu toàn bộ trách nhiệm cho bạn cả đời đâu. Sống trên đời này, nếu bạn không mạnh mẽ thì không ai thay bạn kiên cường cả. Bạn chỉ có thể cố gắng hết sức mà tiến tới, biến mọi điểm yếu của mình thành giáp sắt để chống lại tất cả đòn gánh của cuộc đời. Cho dù bạn phải đối diện với tiếng cười chê và sự ngờ vực của thiên hạ, hay muôn vàn chướng ngại vật và thử thách của cuộc đời, chỉ cần giữ cho mình ý chí vững vàng không lay chuyển, bạn nhất định sẽ chạm đến điểm dừng của tăm tối, đón tia nắng đầu của ban mai. Mong rằng bạn có thể lắng nghe bản thân mình nhiều hơn, đầu tư cho mình và tin tưởng chính mình, đó mới chính là khởi đầu của một cuộc sống đẹp. Hãy trở thành nữ hoàng của đời mình trước khi làm công chúa của ai đó nhé! Yêu bản thân là khởi đầu của một đời lãng mạn – Cuốn sách như một lời nhắn nhủ với mỗi chúng ta rằng “ Sống vui vẻ một đời này đã là chuyện không mấy dễ dàng, nên mong bạn mỗi ngày đều có thể yêu bản thân mình hơn một chút, đó mới chính là lối đi hạnh phúc duy nhất cho riêng mỗi người.”','yeubanthanlakhoidau.jpg',23),
(42,'Tôi Thích Bản Thân Nỗ Lực Hơn',2,3,2019,'“Một là không có bối cảnh, hai là không có tiền, ba là không có mối quan hệ, chỉ có thể trông cậy vào chính mình”. Nếu bạn đã từng có ý nghĩ như vậy, thì một cuốn sách như “Tôi thích bản thân nỗ lực hơn” chính là tiếng lòng dành cho bạn. Bạn có từng bị ngăn cấm, bị coi là gàn dở khi từ bỏ một công việc “ ổn định, nhàn hạ” để theo đuổi thứ gọi là “đam mê” mà bạn chấp nhận đánh đổi bằng bất cứ giá nào? Thất bại ư? Nhưng nếu bạn thực sự thành công như tác giả của cuốn sách này ... Liệu mẹ bạn sẽ nói “Trước đây mẹ cũng thấy con ngốc, không ngờ người ngốc cũng có phúc của người ngốc, số mạng cũng không tệ… “Mẹ à, chớ tin vào số mạng, phải tin vào chính mình! Tôi vẫn luôn tin rằng con người mới là Đấng Cứu Thế của mình. Khi gặp khó khăn hay bế tắc, cầu xin thế lực bên ngoài giúp đỡ, dù là số mạng hay thần linh cũng thế, cũng chỉ vô ích và nực cười mà thôi. Người có thể tạo ra sự thay đổi không phải ai khác mà là chính bạn. Bạn chỉ cần cúi xuống nói với sự yếu đuối của chính mình: “Đứng dậy đi!” Khi bạn đứng dậy rồi sẽ thấy được đường đi.” Trong xã hội này, chúng ta dễ dàng nghe được những câu nói về sự buông thả, lười biếng, vô kỷ luật được tô vẽ thật đẹp để an ủi chính mình. Chúng ta sẽ nói, buông thả bản thân chính là đối xử tốt với chính mình. Chúng ta sẽ nói, làm gì cũng phải cẩn thận từng li từng tí thật sự quá bức bối, quá thất bại… Thật ra không hề. Đừng tin vào những thứ hễ đưa tay ra là có được, nhanh chóng, xuất phát từ bản năng, tùy hứng, không rõ ràng. Hãy tin vào sự từ tốn, bình thản, sức mạnh tích tiểu thành đại, thiết thực, bình tĩnh. Đầu thai, chúng ta không có sự lựa chọn. Đây là số phận không thể khống chế. Nhưng có một cuộc sống như thế nào, chúng ta có thể tạo ra. Đây là vận mệnh có thể khống chế. Cha mẹ không thể cho bạn tất cả, nhưng bạn có thể cho mình mọi thứ mình muốn. Giống như một cơn gió, ảnh hưởng đến một cơn gió khác; Một đợt sóng, ảnh hưởng đến một đợt sóng khác; Một người chán ghét chính mình, tất nhiên sẽ chứa đầy bất mãn với thế giới nhưng nếu bạn chọn sống một cuộc đời “thú vị” thì hãy nỗ lực hơn bạn của ngày hôm qua! Cuốn sách là lời nhắn gửi của một tác giả Chu Xung đến các bạn trẻ đang loay hoay trên đường đời rằng: Đằng nào cũng “mất công sống một lần”, hãy sống sao cho xứng đáng với tuổi trẻ của chính mình!"','noluchon.jpg',23),
(43,'Dám Mơ Lớn, Đừng Hoài Phí Tuổi Trẻ',2,3,2019,'Những ngày mười tám đôi mươi ta đều mơ những giấc mơ lớn, đều khao khát đạp tung tất cả để bay ra khỏi vòng tay của gia đình, mẹ cha. Những ngày hăm lăm nhìn lại hình như giấc mơ đã tiêu hao đi ít nhiều… Ta chậm lại, bớt kì vọng hơn, cũng bớt nỗ lực hơn. Hình như ta không còn trẻ nữa. Để rồi những bộn bề của cuộc sống cuốn giấc mơ của bạn đi như dòng nước hững hờ cuốn trôi chiếc lá. Cứ thế, bạn vội vã trưởng thành, vội vã yêu, vội vã sống, vội vã quên đi khát khao mình từng có. Ừ thì ta lớn rồi phải không? Nhưng bạn biết không: Bung mình ra sống một đời nhiệt huyết rực rỡ hay thu mình lại bình bình yên yên nơi góc nhà…lựa chọn là ở bạn? Tuổi trẻ của bạn chẳng phải tuổi tác hay số đếm, tuổi trẻ được định nghĩa bằng đam mê, bằng ngọn lửa bằng khao khát trong bạn. Một ngày bạn còn sống với những khát vọng, còn bản lĩnh dám chọn những thách thức chính là tuổi trẻ của bạn. Trẻ mà ngu ngốc cũng được nhưng đừng bỏ cuộc. Trẻ mà sai cũng được nhưng đừng gục ngã. Trẻ mà đi chậm cũng được đi nhanh cũng được nhưng đừng quên ước mơ đời mình. Nếu tuổi trẻ chẳng có gian truân, chỉ đơn giản là ngày dài tháng rộng lẳng lặng trôi qua, là sắp đặt của mẹ cha, là an ổn sống một đời tẻ nhạt… Vậy chẳng phải hoài phí lắm hay sao? Được chắp bút bởi một trong những tác giả trẻ tài năng nhất Trung Quốc – Lư Tư Hạo, “Dám mơ lớn, đừng hoài phí tuổi trẻ”  gieo vào lòng bạn một ngọn lửa nhỏ âm ỉ mà sáng trong để nhen nhóm lại những giấc mơ mãnh liệt trong bạn. Để ngoài kia là mây trời là những chuyến đi, là công việc bạn khao khát, là ước mơ bạn đã từng... Chẳng có thành công nào quẩn quanh trong chiệc hộp an toàn của bạn.', 'dunghoaiphituoitre.jpg',26),
(44,'Tư Tưởng Hồ Chí Minh',2,1,2019,'Nội dung cuốn sách: Chương 1: Tư tưởng Hồ Chí Minh về xây dựng, chỉnh đốn Đảng: bối cảnh lịch sử và cơ sở hình thành, các giai đoạn hình thành và phát triển (trước 1930,1930-1945, 1945-1969); khái niệm, nội dung, nguyên tắc. Chương 2: Xây dựng Đảng về đạo đức và yêu cầu vận dụng tư tưởng Hồ Chí Minh về xây dựng, chỉnh đốn Đảng hiện nay: tính cấp bách, yêu cầu vận dụng hiện nay Chương 3: Nhiệm vụ và giải pháp vận dụng tư tưởng Hồ Chí Minh về xây dựng, chỉnh đốn Đảng vào xây dựng Đảng về đạo đức hiện nay: Các yếu tố tác động, giải pháp','tutuonghcm.jpg',25),
(45,'Giáo Trình Lý Luận Về Nhà Nước Và Pháp Luật',2,1,2020,'Trong các chương trình đào tạo chuyên ngành luật học và trong hệ thống các khoa học pháp lý, môn lý luận về nhà nước và pháp luật có vị trí, vai trò đặc biệt quan trọng. Lý luận về nhà nước và pháp luật được coi là các tri thức cơ bản, bao quát toàn bộ đời sống nhà nước và pháp luật. Nắm vững những nội dung cơ bản này sẽ giúp cho bạn đọc có điều kiện cần thiết để tiếp thu các kiến thức chuyên ngành trong khoa học pháp lý, đặc biệt trong giai đoạn hiện nay khi Đảng và Nhà nước ta chủ trương đẩy mạnh xây dựng Nhà nước pháp quyền xã hội chủ nghĩa của nhân dân, do nhân dân, vì nhân dân. Xuất phát từ nhu cầu tìm hiểu, nghiên cứu lý luận chung về nhà nước và pháp luật của các tầng lớp nhân dân, đặc biệt là của học sinh, sinh viên, Nhà xuất bản Chính trị quốc gia – Sự thật tái bản lần thứ ba có sửa chữa, bổ sung cuốn sách Giáo trình lý luận về nhà nước và pháp luật. Cuốn sách tái bản lần này đã được cập nhật thêm những nội dung cơ bản của Hiến pháp nước Cộng hòa xã hội chủ nghĩa Việt Nam năm 2013, cuốn sách do PGS. TS. Nguyễn Minh Đoan giảng viên Trường Đại học Luật Hà Nội biên soạn.','giaotrinhlyluan.jpg',25),
(46,'Oxford Advanced Learners Dictionary: Paperback - 10th Edition',1,13,2020,'Oxford Advanced Learners Dictionary là cuốn từ điển nâng cao bán chạy nhất thế giới dành cho người học tiếng Anh. Hiện cuốn từ điển này đã được xuất bản lần thứ 10. Oxford Advanced Learners Dictionary, hay OALD, hướng dẫn hoàn chỉnh việc học từ vựng tiếng Anh với các định nghĩa mà người học có thể hiểu, các câu ví dụ hiển thị ngôn ngữ đang sử dụng và Oxford 3000 (TM) và Oxford 5000 (TM) mới với danh sách từ cung cấp từ vựng cốt lõi mà mọi học sinh cần học. OALD không chỉ là một cuốn từ điển nó còn nâng cao kỹ năng tiếng Anh của bạn với các nguồn bổ sung và thực hành bao gồm iSpeaker và iWriter trực tuyến, hoặc luyện từ mọi lúc, mọi nơi với ứng dụng Oxford Advanced Learners Dictionary.','oxforddistionary.jpg',31),
(47,'Đồi Gió Hú',2,8,2020,'i Gió Hú (Wuthering Heights) là cuốn tiểu thuyết về Catherine Earnshaw, cô con gái nổi loạn của gia đình Earnshaw, với gã đàn ông thô ráp và điên rồ mà cha cô mang về nhà rồi đặt tên là Heathcliff. Gia đình, địa vị xã hội, số phận và bản tính dữ dội, ghen tuông rắp tâm chống lại họ, toàn bộ thời gian hai con người yêu nhau đó đã sống trong thù hận và tuyệt vọng rồi dẫn đến cái chết. Một khởi đầu mới để hai linh hồn mãnh liệt đó dược tự do tái ngộ khi những cơn gió hoang vắng và điên cuồng tràn về quanh các lâu đài trong Đồi gió hú...','doi_gio_hu.jpg',23),
(48,'Cuốn Theo Chiều Gió',2,8,2021,'Cuốn Theo Chiều Gió (Gone With The Wind) kể về câu chuyện của một người phụ nữ có cá tính mạnh mẽ ở miền nam Hoa Kỳ tên là Scarlett OHara và những khó nhọc mà nàng cùng với bạn bè, gia đình và các người yêu đã trải qua tại miền nam Hoa Kỳ trong Nội chiến và thời kì tái thiết. Qua đó kể nên câu chuyện tình yêu kết tinh giữa Scarlett OHara và Rhett Butler','cuon_theo_chieu_gio.jpg',23),
(49,'Nhật Ký Anne Frank',2,15,2018,'Năm 1942, Đức Quốc xã chiếm đóng Hà Lan, cô gái Do Thái mười ba tuổi cùng gia đình phải chạy trốn và sống bí mật. Suốt hai năm trời, gia đình Frank cùng một gia đình khác phải sống chen chúc trong "Chái nhà bí mật" của một tòa nhà cũ. Bị tách rời khỏi thế giới bên ngoài, họ phải đối mặt với cái đói, với sự buồn chán, với cuộc sống khắc nghiệt, bị giam hãm và mối đe dọa về bị lộ, về cái chết luôn hiện diện trước mắt. Trong nhật ký, Anne Frank ghi lại một cách sống động những trải nghiệm trong thời gian đó, một bức chân dung tự họa tuyệt vời về một cô gái trẻ thông minh, nhạy cảm, một tài năng hứa hẹn đã bị cắt ngang một cách bi thảm.','nhat_ky_anne_frank.jpg',20),
(50,'Tắt Đèn',2,8,2019,'Tắt Đèn phản ánh rất chân thực cuộc sống khốn khổ của tầng lớp nông dân Việt Nam đầu thế kỷ XX dưới ách đô hộ của thực dân Pháp. Tác phẩm xoay quanh nhân vật chị Dậu và gia đình – một điển hình của cuộc sống bần cùng hóa sưu cao thuế nặng mà chế độ thực dân áp đặt lên xã hội Việt Nam. Trong cơn cùng cực chị Dậu phải bán khoai, bán bầy chó đẻ và bán cả đứa con để lấy tiền nộp sưu thuế cho chồng nhưng cuộc sống vẫn đi vào bế tắc, không lối thoát.','tat_den.jpg',23),
(51,'Bóng ma trong nhà hát Opera',2,8,2017,'Bóng Ma Trong Nhà Hát Opera (Le Fantôme de lOpéra) là một câu chuyện rùng rợn, bí ẩn và lôi cuốn diễn ra tại Nhà hát Opera Paris. Những lời đồn đại ma quái về một “Bóng ma trong nhà hát opera” khiến tất cả sợ hãi khi nữ ca sĩ trẻ trung xinh đẹp Christine Daaé đột nhiên biến mất sau màn trình diễn thành công. Nỗi sợ hãi, khủng hoảng và bạo lực càng tăng lên trong cánh gà sau sân khấu Nhà hát Opera Paris khi bóng ma đe dọa tấn công một lần nữa.','bong_ma_trong_nha_hat.jpg',23),
(52,'Hội Chứng E',2,8,2012,'Một bộ phim ngắn bí ẩn và độc hại khiến người xem đột ngột bị mù. Vậy là đủ để đi tong toàn bộ kỳ nghỉ hè của trung úy cảnh sát Lucie Hennebelle. Năm xác chết bị cắt xẻ tàn bạo được tìm thấy trong tình trạng mất não, mất mắt, và phân hủy đến khó lòng nhận dạng. Chẳng cần gì hơn thế để mời gọi thanh tra trưởng Franck Sharko đang trong kỳ nghỉ cưỡng chế phải quay trở lại đội Hình sự. Hai hướng điều tra cho cùng một vụ án duy nhất sẽ kết hợp Hennebelle và Sharko, đưa họ đi từ những khu ổ chuột nhơ nhớp ở Cairo đến các trại trẻ mồ côi ở Canada, để rồi đối mặt với một tội ác có một không hai, một thực tế tàn bạo, hé lộ sự thật rằng tất cả chúng ta ai cũng đều có thể phạm phải điều tồi tệ nhất.','hoi_chung_e.jpg',16),
(53,'Thiên Thần và Ác Quỷ',2,8,2020,'Robert Langdon giáo sư biểu tượng học của Harvard, được bí mật mời tới trung tâm nghiên cứu Hạt nhân Châu Âu – cơ quan nghiên cứu khoa học lớn nhất thế giới – để làm sáng tỏ cái chết của nhà vật lý học Leonardo Vetra. Biểu tượng bí ẩn được đóng dấu sắt nung trên ngực thi thể đưa đến một kết luận duy nhất: Hung thủ chính là  Illuminati – một hội kín tưởng chừng như đã tàn lụi từ 400 năm trước. Dường như hội kín vô cùng quyền lực này đã trở lại để tiếp tục cuộc báo thù nhằm vào nhà thờ công giáo, kẻ thù truyền kiếp của mình.','thien_than_va_ac_quy.jpg',19),
(54,'Hỏa Ngục',2,8,2020,'Kẻ bác học điên Zobrist với nỗi ám ảnh về sự diệt vong, sự tăng dân số quá mức và đặc biệt kiệt tác trường ca “Thần khúc” của Dante đã tạo ra một loại virut dịch bệnh chết người và giấu nó ở một địa điểm bí mật. Hắn trước khi chết đã chuẩn bị kỹ càng cho kế hoạch nguy hiểm của mình. Vị giáo sư Robert Langdon trong nỗ lực cứu thế giới thoát khỏi một “Hỏa Ngục” kinh sợ sắp xảy ra đã đưa ta ghé qua các địa điểm nổi tiếng của Ý như Florence, Cung điện Vecchio, Bảo tàng Duomo,...','hoa_nguc.jpg',19),
(55,'Ruồi Trâu',2,8,2018,'Ruồi Trâu (The Gadfly) xoay quanh nhân vật trung tâm là chàng thanh niên Arthur - bí danh “Ruồi trâu”, một thanh niên hiền lành, thánh thiện, hiến dâng tất cả tình cảm riêng tư cho lý tưởng cách mạng. Những thăng trầm trong cuộc sống, quá trình chiến đấu vì lý tưởng đã tôi luyện chàng thanh niên trở thành một con người bản lĩnh, mạnh mẽ và luôn tràn đầy nhiệt huyết. Một trái tim rực cháy lý tưởng nhưng không quên tình yêu sâu đậm dành cho cô gái mà anh yêu thương - Emma.','ruoi_trau.jpg',17),
(56,'Classroom of The Elite',4,8,2015,'Truyện kể về trường cao trung Koudo Ikusei, một ngôi trường danh tiếng với cơ sở vật chất cực kì hiện đại, nơi 100% học sinh sẽ đỗ đại học hoặc tìm được việc làm. Học sinh nơi đây có thể hưởng mọi quyền lợi và tự do cá nhân. Việc chi tiêu trong trường được thanh toán bằng điểm tích lũy. Nhưng sự thật thì các quyền lợi này chỉ dành cho những học sinh cao cấp. Nhân vật chính là Ayanokouji Kiyotaka – thành viên của lớp D, là nơi các học sinh "yếu kém" bị đào thải, không ai coi trọng. Ayanokouji sẽ làm gì để tồn tại trong ngôi trường này?','classroom_of_the_elite.jpg',12),
(57,'Howls Moving Castle (Japanese Edition)',4,8,2004,'Cô gái Sophie Hatter đang sống và làm việc yên ổn trong cửa hiệu bán mũ của bố mẹ ở Ingary, xứ sở của những đôi ủng bảy lý và áo tàng hình thì bỗng một ngày, mụ phù thuỷ xứ Waste xuất hiện biến cô thành bà già xấu xí. Quyết tâm giải cứu bản thân mình, Sophie đi tới lâu đài bay tìm kiếm sự giúp đỡ của Pháp sư Howl - kẻ vốn bị đồn là khoái “ăn tươi nuốt sống” trái tim của những cô gái trẻ.','howl_moving_castle.jpg',35),
(58,'Sword Art Online 1 Aincrad',4,8,2009,'SAO lấy bối cảnh tương lai hiện đại vào năm 2022. Lúc này, VRMMORPG – game thực tế ảo nhập vai trực tuyến đầu tiên là Sword Art Online đã được ra mắt. Nhiều người chơi đã rất háo hức để tham gia vào trò chơi mới này. Thế nhưng, họ nhanh chóng nhận ra mình không thể đăng xuất. Ngay sau đó, người sáng lập SAO đã xuất hiện và nói rằng họ phải leo lên đến tầng 100 của thế giới này và đánh bại trùm cuối nếu muốn thoát khỏi đây. Tuy nhiên, nếu có ai chết vì bất kì lí do gì, họ cũng sẽ chết trong thế giới thật. Nhân vật chính Kirito sau khi nhận ra sự nguy hiểm và nghiệt ngã của SAO đã cùng với người yêu mình là Asuna chiến đấu với lũ quái vật và cố gắng thoát khỏi thế giới này.','sword_art_online_01.jpg',10),
(59,'Sherlock Holmes',2,8,2018,'Sherlock Holmes là một nhân vật thám tử hư cấu vào cuối thể kỉ 19 và đầu thế kỉ 20, là một thám tử tư ở Luân Đôn nổi tiếng nhờ trí thông minh, khả năng suy diễn logic và quan sát tinh tường trong khi phá những vụ án mà cảnh sát phải bó tay. Sherlock Holmes đã xuất hiện trong 4 tiểu thuyết và 56 truyện ngắn của nhà văn Conan Doyle. Hầu như tất cả các tác phẩm đều được viết dưới dạng ghi chép của bác sĩ John H. Watson, người bạn thân thiết và người ghi chép tiểu sử của Sherlock Holmes, chỉ có 2 tác phẩm được viết dưới dạng ghi chép của người thứ ba. Các tác phẩm được viết xoay quanh thời gian từ năm 1878 đến năm 1903 với vụ án cuối cùng vào năm 1914.','sherlock_holmes.png',23),
(60,'Máu Lạnh',2,8,2011,'Máu lạnh (In Cold Blood) dựa trên câu chuyện hoàn toàn có thật tại xứ sở cờ hoa: vụ thảm sát cả bốn người trong một gia đình trại chủ ở Kansas vào ngày 14 tháng 11 năm 1959. Vừa với tư cách là nhà văn, nhà báo lành nghề vừa với tư cách là một điều tra viên già dặn, lạnh lùng, ráo hoảnh, Truman Capote thực sự đã gửi lại hậu thế chân dung một tội ác kinh hoàng bởi việc đưa ra vụ án có thật kết hợp với yếu tố văn chương nhằm khắc họa chân xác chân dung tâm lí tội phạm đang tiến hóa ngày nay','mau_lanh.jpg',15),
(61,'Cracking Codes with Python: An Introduction to Building and Breaking Ciphers',1,9,2018,'Cuốn sách mở đầu với các khái niệm mở đầu về Python có thể áp dụng cho những người chưa bao giờ lập trình trước đây. Sau một khóa học cơ bản về lập trình Python, bạn sẽ được học cách tạo, kiểm tra, hack các chương trình đã được mã hóa bằng mật mã học cổ điển và Vigenère. Bạn sẽ được bắt đầu từ những chương trình cơ bản sử dụng mã đảo ngược hoặc mã Caesar đến những chương trình nâng cao hơn với mã khóa công khai (public key), loại mã dùng để bảo mật các dịch vụ trực tuyến ngày nay như emails, bitcoins...','cracking_codes_with_python.jpg',24),
(62,'Modern Java Recipes: Simple Solutions to Difficult Problems in Java 8 and 9',1,9,2017,'Java SE 8 ra đời cùng với hàng loạt cập nhật mới như các biểu thức Lambda, các phương thức tham chiếu và streams đã tạo ra một sự thay đổi mạnh mẽ đối với ngôn ngữ hướng đối tượng này. Nếu bạn là một nhà phát triển, một lập trình viên hoặc chỉ đơn giản là yêu thích lập trình, cuốn sách này sẽ giúp ích cho bạn trong việc bắt kịp các thay đổi trong Java 8. Với hơn 70 công thức chi tiết, Ken Kousen sẽ chỉ cho bạn cách sử dụng các tính năng mới nhất của Java để giải quyết một loạt các vấn đề.','mordern_java_recipes.jpg',30),
(63,'Beginning T-SQL, 4th Edition',1,9,2020,'Phiên bản chỉnh sửa lần thứ 4 được cập nhật về các cú pháp và tính năng mới cập nhật trong T-SQL on-premises và trong dữ liệu đám mây Azure. Các bài tập và ví dụ bao gòm cơ sở dữ liệu WideWorldImporters, các mẫu database mới nhất từ Microsoft SQL Server. Một điểm mới trong ấn bản này là phạm vi của JSON từ T-SQL, các tin tức về cải tiến hiệu suất được gọi là Intelligent Query Processing và phần phụ lục về cách chạy SQL Server trong container của macOS hoặc Linux','beginning_TSQL.jpg',3),
(64,'Đắc Nhân Tâm',2,6,2019,'Đắc Nhân Tâm không chỉ là là nghệ thuật thu phục lòng người, Đắc Nhân Tâm còn đem lại cho độc giả góc nhìn, suy nghĩ sâu sắc về việc giao tiếp ứng xử. Triết lý của Đắc Nhân Tâm là  hiểu mình, thành thật với chính mình, từ đó hiểu biết và quan tâm đến những người xung quanh để nhìn ra và khơi gợi những tiềm năng ẩn khuất nơi họ, giúp họ phát triển lên một tầm cao mới. Đây chính là nghệ thuật cao nhất về con người và chính là ý nghĩa sâu sắc nhất đúc kết từ những nguyên tắc vàng của Dale Carnegie.','dac_nhan_tam.jpg',14),
(65,'Cà Phê cùng Tony',2,6,2017,'Cà Phê cùng Tony ra đời là sự tập hợp các bài viết trên mạng xã hội của tác giả Tony Buổi Sáng về những câu chuyện anh từng trải nghiệm trong cuộc sống , với mong muốn dưa những bài viết này đến với những độc giả không có điều kiện sử dụng Internet, đồng thời khuyến khích văn hóa đọc ở các bạn trẻ trong thời đại mà văn hóa nghe nhìn đang dần chiếm ưu thế','ca_phe_cung_tony.jpg',22),
(66,'Tiếng Gọi Nơi Hoang Dã',2,8,2016,'Tiếng Gọi Nơi Hoang Dã là câu chuyện cuộc đời phiêu lưu mạo hiểm của chú chó Buck, bị bắt cóc từ trang trại của người chủ giàu có và trở thành chó kéo xe ở khu vực Alaska lạnh giá.. Từ cuộc sống bình yên, được cưng chiều, Buck phải làm việc rất khổ cực, chịu đói chịu rét với đủ hạng người độc ác, man rợ nơi vùng Bắc Cực khí hậu vô cùng khắc nghiệt. Chính vì thế Buck đã học cách chiến đấu để sinh tồn, trở thành thủ lĩnh của đàn chó và luôn bị thôi thúc bởi tiếng gọi của rừng hoang… Vào lúc ranh giới giữa sự sống và cái chết mong manh như một sợi chỉ, Buck may mắn được cứu thoát và sống trong tình yêu thương của người chủ mới. Nhưng nhiều biến cố ập đến, chứng kiến cái chết bi thương của chủ, với tình yêu thương và sự trung thành, bản tính hoang dã trong Buck trỗi dậy mạnh mẽ hơn bao giờ hết…','tieng_goi_noi_hoang_da.jpg',16),
(67,'Hai Số Phận',2,8,2020,'Hai Số Phận (Kane & Abel) là câu chuyện về hai người đàn ông đi tìm vinh quang. William Kane là con một triệu phú nổi tiếng trên đất Mỹ, lớn lên trong nhung lụa của thế giới thượng lưu. Wladek Koskiewicz là đứa trẻ không rõ xuất thân, được gia đình người bẫy thú nhặt về nuôi. Một người được ấn định để trở thành chủ ngân hàng khi lớn lên, người kia nhập cư vào Mỹ cùng đoàn người nghèo khổ.','hai_so_phan.jpg',23),
(68,'Bố Già',2,2,2017,'Bố Già (The Godfather) kể về cuộc đời của Don Vito Corleone, một "trùm mafia" khét tiếng trôi dạt từ hòn đảo Xixili sang đất Mỹ và làm mưa làm gió trên mảnh đất này. Nhưng đằng sau đó là những thân phận, những cuộc đời mà lẽ ra vô cùng bình dị và yên ấm như bao gia đình khác. Cái "đế chế vương quyền" bất thành văn ấy, ai đã vào trong, ai đã "cưỡi lên lưng hổ" thì chỉ có con đường tiến, không có đường lui. Là nổ súng, tư thù, đâm thuê chém mướn, tranh giành lãnh địa vậy mà vẫn ẩn chứa những đằm thắm, mặn mà, nhân hậu và "có thuỷ có chung".','bo_gia.jpg',23),
(69,'Bảy Bước Tới Mùa Hè',2,8,2019,'Câu chuyện về một mùa hè ngọt ngào, những trò chơi nghịch ngợm và bâng khuâng tình cảm tuổi mới lớn. Chỉ vậy thôi nhưng chứng tỏ tác giả đúng là nhà kể chuyện hóm hỉnh, khiến đọc cuốn hút từ tựa đến trang cuối cùng, có lẽ chính vì giọng văn giản dị và trong trẻo của Nguyễn Nhật Ánh, và kết thúc thì có hậu đầy thuyết phục. Câu chuyện cho tuổi học trò, đọc xong là thấy ngập lên khao khát quay về một thời thơ bé, với tình thầy trò, bè bạn, tình xóm giềng, họ hàng, qua cách nhìn đời nhẹ nhõm, rộng lượng.','bay_buoc_toi_mua_he.jpg',22),
(70,'Con Chim Xanh Biếc Bay Về',2,8,2020,'Khác với các tác phẩm trước, nhà văn Nguyễn Nhật Ánh lần này lấy bối cảnh chính là Sài Gòn – Thành phố Hồ Chí Minh nơi tác giả sinh sống. Các nhân vật chính trong truyện cũng “lớn” hơn, với những câu chuyện mưu sinh lập nghiệp lắm gian nan thử thách của các sinh viên trẻ đầy hoài bão. Tất nhiên không thể thiếu những câu chuyện tình cảm động, kịch tính và bất ngờ khiến bạn đọc ngẩn ngơ, cười ra nước mắt. Và như trong mọi tác phẩm Nguyễn Nhật Ánh, sự tử tế và tinh thần hướng thượng vẫn là điểm nhấn quan trọng trong quyển sách mới này.','con_chim_xanh_biec_bay_ve.jpg',22),
(71,'Những Người Khốn Khổ',2,8,2016,'Trong Những Người Khốn Khổn (Les Misérables), cuộc sống cao đẹp của Jean Valjean - người phải ngồi tù suốt 19 năm chỉ vì một chiếc bánh mỳ, tình nhân ái bao dung và tấm lòng độ lượng của đức cha Mirien, sự đeo bám dai dẳng của mật thám Javert, những mưu đồ đen tối và độc ác của vợ chồng Thenardier, sự ngây thơ trong trắng của Cosette, cậu bé lang thang Gavroche. sự nhiệt tình hăng hái của Marius... Tất cả đều được khắc họa một cách sinh động.','nhung_nguoi_khon_kho.jpg',23),
(72,'Hoàng Tử Bé',2,12,2019,'Trong hơn nửa thế kỷ qua , Hoàng Tử Bé (Le Petit Prince) vẫn là cuốn sách tiếng Pháp được yêu thích nhất và được chuyển ngữ nhiều nhất trên thế giới .Thật kỳ lạ , bởi hàm ý , mục đích và chủ đề của cuốn sách ngụ ngôn này có vẻ xa vời với nhiều độc giả , thậm chí gần tám mươi năm sau lần xuất hiện đầu tiên . Nhưng theo thời gian , sự chọn lựa và yêu thích của độc giả chính là thước đo gí trị chân thực nhất chứng minh cho vị trí đặc biệt của tác phẩm . Và Hoàng Tử Bé với câu truyện về chàng hoàng tử nhỏ cô đơn rời tiểu tinh cầu bé nhỏ của mình , du hành khắp vũ trụ , viếng thăm rồi lại lìa xa Trái Đất vẫn được xem là một trong những tác phẩm thơ mộng nhất của mọi thời đại.','hoang_tu_be.jpg',18),
(73,'Coraline',	2,8,2018,'Khi Coraline bước qua cánh cửa, nó nhìn thấy một ngôi nhà giống hệt nhà mình. Chỉ có điều, mọi thứ dường như tốt đẹp và hấp dẫn hơn. Nơi ấy có mẹ khác của nó, và cả cha khác nữa. Họ muốn nó ở lại làm con gái bé bỏng của họ. Họ muốn thay đổi nó và giữ nó bên mình mãi mãi. Nhưng từ phía sau cánh cửa, Coraline mới biết điều nó thật sự cần. Nó khao khát trở lại cuộc sống đích thực của mình. Bằng tất cả trí khôn và lòng dũng cảm, Coraline đã thực hiện một hành trình phi thường, ly kỳ và vô cùng bất ngờ.','coraline.jpg',23);
/*!40000 ALTER TABLE `book` ENABLE KEYS */;
UNLOCK TABLES;

--
-- Table structure for table `genre`
--

DROP TABLE IF EXISTS `genre`;
/*!40101 SET @saved_cs_client     = @@character_set_client */;
/*!50503 SET character_set_client = utf8mb4 */;
CREATE TABLE `genre` (
  `id` int NOT NULL AUTO_INCREMENT,
  `name` varchar(45) CHARACTER SET utf8mb4 COLLATE utf8mb4_0900_ai_ci DEFAULT NULL,
  PRIMARY KEY (`id`)
) ENGINE=InnoDB AUTO_INCREMENT=17 DEFAULT CHARSET=utf8mb3 COLLATE=utf8_unicode_ci;
/*!40101 SET character_set_client = @saved_cs_client */;

--
-- Dumping data for table `genre`
--

LOCK TABLES `genre` WRITE;
/*!40000 ALTER TABLE `genre` DISABLE KEYS */;
INSERT INTO `genre` VALUES (1,'Giáo trình'),(2,'Hình sự'),(3,'Kỹ năng sống'),(4,'Lịch sử'),(5,'Sách minh họa'),(6,'Self-help'),(7,'Tiểu sử hồi kí'),(8,'Tiểu thuyết'),(9,'Tin học'),(10,'Tôn giáo'),(11,'Truyện ngắn'),(12,'Truyện ngụ ngôn'),(13,'Từ điển'),(14,'Tư duy - Kỹ năng sống'),(15,'Tự truyện'),(16,'Văn hóa - Nghệ thuật');
/*!40000 ALTER TABLE `genre` ENABLE KEYS */;
UNLOCK TABLES;

--
-- Table structure for table `language`
--

DROP TABLE IF EXISTS `language`;
/*!40101 SET @saved_cs_client     = @@character_set_client */;
/*!50503 SET character_set_client = utf8mb4 */;
CREATE TABLE `language` (
  `id` int NOT NULL AUTO_INCREMENT,
  `name` varchar(45) CHARACTER SET utf8mb4 COLLATE utf8mb4_0900_ai_ci DEFAULT NULL,
  PRIMARY KEY (`id`)
) ENGINE=InnoDB AUTO_INCREMENT=5 DEFAULT CHARSET=utf8mb3 COLLATE=utf8_unicode_ci;
/*!40101 SET character_set_client = @saved_cs_client */;

--
-- Dumping data for table `language`
--

LOCK TABLES `language` WRITE;
/*!40000 ALTER TABLE `language` DISABLE KEYS */;
INSERT INTO `language` VALUES (1,'Tiếng Anh'),(2,'Tiếng Việt'),(3,'Tiếng Trung'),(4,'Tiếng Nhật');
/*!40000 ALTER TABLE `language` ENABLE KEYS */;
UNLOCK TABLES;

--
-- Table structure for table `physcopy`
--

DROP TABLE IF EXISTS `physcopy`;
/*!40101 SET @saved_cs_client     = @@character_set_client */;
/*!50503 SET character_set_client = utf8mb4 */;
CREATE TABLE `physcopy` (
  `id` varchar(20) NOT NULL,
  `book_id` int DEFAULT NULL,
  `shelf_id` int DEFAULT NULL,
  PRIMARY KEY (`id`),
  KEY `fk_book_idx` (`book_id`),
  KEY `fk_shelf_idx` (`shelf_id`),
  CONSTRAINT `fk_book` FOREIGN KEY (`book_id`) REFERENCES `book` (`id`) ON DELETE SET NULL ON UPDATE SET NULL,
  CONSTRAINT `fk_shelf` FOREIGN KEY (`shelf_id`) REFERENCES `shelf` (`id`) ON DELETE SET NULL ON UPDATE SET NULL
) ENGINE=InnoDB DEFAULT CHARSET=utf8mb4 COLLATE=utf8mb4_0900_ai_ci;
/*!40101 SET character_set_client = @saved_cs_client */;

--
-- Dumping data for table `physcopy`
--

LOCK TABLES `physcopy` WRITE;
/*!40000 ALTER TABLE `physcopy` DISABLE KEYS */;
/*!40000 ALTER TABLE `physcopy` ENABLE KEYS */;
UNLOCK TABLES;

--
-- Table structure for table `publisher`
--

DROP TABLE IF EXISTS `publisher`;
/*!40101 SET @saved_cs_client     = @@character_set_client */;
/*!50503 SET character_set_client = utf8mb4 */;
CREATE TABLE `publisher` (
  `id` int NOT NULL AUTO_INCREMENT,
  `name` varchar(45) COLLATE utf8_unicode_ci NOT NULL,
  PRIMARY KEY (`id`)
) ENGINE=InnoDB AUTO_INCREMENT=38 DEFAULT CHARSET=utf8mb3 COLLATE=utf8_unicode_ci;
/*!40101 SET character_set_client = @saved_cs_client */;

--
-- Dumping data for table `publisher`
--

LOCK TABLES `publisher` WRITE;
/*!40000 ALTER TABLE `publisher` DISABLE KEYS */;
INSERT INTO `publisher` VALUES (1,'Addison Wesley'),(2,'Alfred A. Knopf'),(3,'Apress'),(4,'Berkley Books'),(5,'Bloomsbury Publishing (UK)'),(6,'Graywolf Press'),(7,'Hamish Hamilton'),(8,'Harper & Row'),(9,'HarperOne'),(10,'KADOKAWA'),(11,'Marine Books'),(12,'Media Factory'),(13,'Microsoft Press'),(14,'Nhà xuất bản Dân Trí'),(15,'Nhà xuất bản Hà Nội'),(16,'Nhà xuất bản Hội Nhà Văn'),(17,'Nhà xuất bản Hồng Đức'),(18,'Nhà xuất bản Kim Đồng'),(19,'Nhà xuất bản Lao Động'),(20,'Nhà xuất bản Thế giới'),(21,'Nhà xuất bản Tổng hợp TP.HCM'),(22,'Nhà xuất bản Trẻ'),(23,'Nhà xuất bản Văn học'),(24,'No Starch Press'),(25,'Nhà xuất bản Chính trị Quốc gia Sự thật'),(26,'Nhà xuất bản Phụ Nữ'),(27,'Nhà xuất bản Thanh niên'),(28,'Nhà xuất bản Tri Thức'),(29,'Nhà xuất bản Trùng Khánh'),(30,'O\'Reilly Media'),(31,'Oxford University Press'),(32,'Pearson'),(33,'Pocket Books'),(34,'St. Martin\'s Press'),(35,'Tokuma Shoten / Tsai Fong Books'),(36,'Weird Tales'),(37,'Yen On');
/*!40000 ALTER TABLE `publisher` ENABLE KEYS */;
UNLOCK TABLES;

--
-- Table structure for table `shelf`
--

DROP TABLE IF EXISTS `shelf`;
/*!40101 SET @saved_cs_client     = @@character_set_client */;
/*!50503 SET character_set_client = utf8mb4 */;
CREATE TABLE `shelf` (
  `id` int NOT NULL AUTO_INCREMENT,
  `name` varchar(45) DEFAULT NULL,
  `floor` int DEFAULT NULL,
  PRIMARY KEY (`id`)
) ENGINE=InnoDB DEFAULT CHARSET=utf8mb4 COLLATE=utf8mb4_0900_ai_ci;
/*!40101 SET character_set_client = @saved_cs_client */;


--
-- Dumping data for table `shelf`
--
LOCK TABLES `shelf` WRITE;
/*!40000 ALTER TABLE `shelf` DISABLE KEYS */;
/*!40000 ALTER TABLE `shelf` ENABLE KEYS */;
UNLOCK TABLES;

--
-- Table structure for table `user`
--

DROP TABLE IF EXISTS `user`;
/*!40101 SET @saved_cs_client     = @@character_set_client */;
/*!50503 SET character_set_client = utf8mb4 */;
CREATE TABLE `user` (
  `id` int NOT NULL AUTO_INCREMENT,
  `name` varchar(100) CHARACTER SET utf8 COLLATE utf8_unicode_ci NOT NULL,
  `password` varchar(45) CHARACTER SET utf8mb4 COLLATE utf8mb4_0900_ai_ci NOT NULL,
  `email` varchar(45) CHARACTER SET utf8mb4 COLLATE utf8mb4_0900_ai_ci NOT NULL,
  `phone_number` varchar(10) CHARACTER SET utf8mb4 COLLATE utf8mb4_0900_ai_ci NOT NULL,
  `address` text CHARACTER SET utf8mb4 COLLATE utf8mb4_0900_ai_ci NOT NULL,
  `added_date` date NOT NULL,
  `card_id` varchar(45) COLLATE utf8_unicode_ci DEFAULT 'chưa có thẻ',
  PRIMARY KEY (`id`),
  UNIQUE KEY `email_UNIQUE` (`email`)
) ENGINE=InnoDB AUTO_INCREMENT=5 DEFAULT CHARSET=utf8mb3 COLLATE=utf8_unicode_ci;
/*!40101 SET character_set_client = @saved_cs_client */;

--
-- Dumping data for table `user`
--

LOCK TABLES `user` WRITE;
/*!40000 ALTER TABLE `user` DISABLE KEYS */;
INSERT INTO `user` VALUES (2,'Admin','21232f297a57a5a743894a0e4a801fc3','admin@gmail.com','0123456789','123 xyz','2021-06-25','SV25062021'),(4,'huy','202cb962ac59075b964b07152d234b70','huy1@gmail.com','0192836281','abc','2021-06-25','SV27062021');
/*!40000 ALTER TABLE `user` ENABLE KEYS */;
UNLOCK TABLES;
/*!40103 SET TIME_ZONE=@OLD_TIME_ZONE */;

/*!40101 SET SQL_MODE=@OLD_SQL_MODE */;
/*!40014 SET FOREIGN_KEY_CHECKS=@OLD_FOREIGN_KEY_CHECKS */;
/*!40014 SET UNIQUE_CHECKS=@OLD_UNIQUE_CHECKS */;
/*!40101 SET CHARACTER_SET_CLIENT=@OLD_CHARACTER_SET_CLIENT */;
/*!40101 SET CHARACTER_SET_RESULTS=@OLD_CHARACTER_SET_RESULTS */;
/*!40101 SET COLLATION_CONNECTION=@OLD_COLLATION_CONNECTION */;
/*!40111 SET SQL_NOTES=@OLD_SQL_NOTES */;

-- Dump completed on 2021-06-26 11:09:42
